RA(deg)	DEC(deg)	STARS	FIELDS	SET	B1950-RA	B1950-DEC	GALACTIC-LONG(deg)	GALACTIC-LAT(deg)	J2000-RA(deg)	J2000-DEC(deg)	VRAY
0.42	11.22	9.9	10	f	3.76	12.66	110.29	-49.1	4.4	12.94	126.65
1.23	24.4	20	10	f	4.59	25.85	114.45	-36.25	5.24	26.12	160.37
1.98	15.78	11.3	10	f	5.33	17.23	113.66	-44.87	5.98	17.51	132.4
2.1	40.88	60	1	f	5.51	42.33	117.7	-19.99	6.18	42.61	231.73
2.47	-23.28	4.1	10	*	5.75	-21.84	74.87	-81.89	6.38	-21.56	94.15
3.22	-23.28	3.2	10	*	6.49	-21.84	78.5	-82.37	7.12	-21.56	86.6
4.2	22.27	11.9	10	f	7.59	23.71	117.53	-38.69	8.25	23.98	134.72
5.47	-23.28	3.9	10	*	8.72	-21.85	92.23	-83.59	9.34	-21.57	92.58
5.59	2.83	5.9	10	f	8.93	4.27	116.71	-58.17	9.57	4.54	106.42
7.11	43.1	60	1	f	10.65	44.53	121.8	-18.05	11.34	44.8	231.73
7.91	43.1	40	1	f	11.47	44.53	122.41	-18.07	12.17	44.8	202.31
8.39	24.47	20.4	10	f	11.83	25.89	122.53	-36.71	12.5	26.16	161.44
8.59	33.37	20	1	f	12.1	34.79	122.86	-27.81	12.78	35.06	160.37
8.84	34.37	24	1	f	12.36	35.79	123.1	-26.81	13.04	36.06	170.48
9.16	13.47	11.3	10	f	12.56	14.89	123.44	-47.71	13.22	15.16	132.4
9.98	11.28	8.1	10	f	13.37	12.7	124.7	-49.88	14.03	12.97	118.39
10.12	41.28	60	0.5	f	13.72	42.7	124.15	-19.89	14.42	42.97	231.73
11.09	2.83	7.6	10	f	14.43	4.25	127.15	-58.28	15.08	4.52	115.88
11.59	20.15	11	10	f	15.05	21.56	126.44	-40.97	15.72	21.83	131.21
11.64	24.47	13	10	f	15.12	25.88	126.22	-36.65	15.8	26.14	138.78
12.18	31.22	40	1	f	15.72	32.62	126.37	-29.89	16.41	32.89	202.31
12.21	31.78	17	1	f	15.76	33.19	126.37	-29.32	16.45	33.46	151.86
13.33	22.32	9.8	10	f	16.81	23.72	128.35	-38.7	17.49	23.98	126.22
13.42	44.38	73	1	f	17.13	45.78	126.55	-16.69	17.85	46.05	247.46
13.54	14.73	13	1	f	16.97	16.13	129.57	-46.23	17.64	16.4	138.78
13.79	16.73	14	1	f	17.24	18.13	129.62	-44.21	17.91	18.39	142.28
14.02	16	15	1	f	17.46	17.39	130.03	-44.92	18.13	17.66	145.61
14.47	-23.28	3.8	10	*	17.63	-21.89	165.74	-82.64	18.23	-21.63	91.77
14.79	15.58	14	1	f	18.24	16.97	131.15	-45.25	18.91	17.24	142.28
15.07	15.73	11.1	10	f	18.52	17.12	131.5	-45.07	19.19	17.38	131.61
15.29	15.92	11.2	10	f	18.75	17.3	131.76	-44.86	19.41	17.56	132.01
15.33	-21	5.2	10	f	18.5	-19.61	160.64	-80.34	19.11	-19.35	101.99
15.72	38	28.1	10	f	19.39	39.38	128.99	-22.89	20.11	39.64	179.74
15.97	-23.28	2.8	10	*	19.11	-21.9	173.08	-81.69	19.72	-21.64	82.79
16.06	-4.87	7.5	10	f	19.36	-3.49	140.09	-65.14	19.99	-3.22	115.37
16.14	24.47	11	10	f	19.67	25.85	131.29	-36.28	20.36	26.11	131.21
16.48	11.48	9.2	10	f	19.9	12.86	134.43	-49.06	20.57	13.12	123.57
16.86	44.62	58	1	f	20.66	45.99	129.08	-16.22	21.41	46.25	229.12
18	31.38	20	1	f	21.64	32.75	132.04	-29.2	22.34	33	160.37
18.2	29.68	13	1	f	21.82	31.04	132.55	-30.85	22.52	31.3	138.78
18.27	-4.83	6.3	10	f	21.56	-3.47	145	-64.47	22.19	-3.21	108.8
18.96	41.33	30	1	f	22.75	42.69	131.16	-19.25	23.5	42.94	183.72
19.59	41.33	58	1	f	23.39	42.68	131.65	-19.17	24.14	42.94	229.12
20.84	41.33	44	1	f	24.67	42.67	132.63	-19	25.42	42.92	208.87
21.88	24.3	12.9	10	f	25.47	25.63	137.67	-35.47	26.17	25.88	138.42
22.84	2.88	5.8	10	f	26.2	4.2	148.22	-55.65	26.85	4.45	105.81
23.02	-4.83	7.3	10	f	26.3	-3.52	154.78	-62.61	26.93	-3.27	114.32
23.29	-10.13	6.4	10	f	26.52	-8.82	161.64	-67.05	27.14	-8.57	109.37
23.38	-2.58	7.1	10	f	26.69	-1.27	153.35	-60.43	27.33	-1.02	113.26
23.72	29.87	17	1	f	27.41	31.17	137.93	-29.67	28.13	31.42	151.86
25.88	24.3	14.4	10	f	29.52	25.58	141.95	-34.47	30.22	25.82	143.63
26.35	20.28	7.1	10	f	29.94	21.56	144.06	-38.14	30.64	21.8	113.26
27.02	-10.2	4.9	10	f	30.23	-8.93	168.98	-64.91	30.85	-8.69	99.97
28.6	13.53	12.1	10	f	32.11	14.78	149.99	-43.62	32.79	15.02	135.48
29.73	28.08	15	10	f	33.47	29.32	144.32	-29.75	34.2	29.55	145.61
31.12	2.92	6.4	10	f	34.49	4.13	160.68	-51.85	35.15	4.36	109.37
31.15	11.37	9.3	10	f	34.64	12.58	154.42	-44.5	35.32	12.81	124.02
31.8	-4.93	7.8	10	f	35.07	-3.72	169.63	-57.83	35.7	-3.5	116.9
32	6.95	7.3	10	f	35.43	8.15	158.58	-47.95	36.1	8.38	114.32
32.52	-10.2	4.3	10	f	35.71	-9	177.73	-61.21	36.32	-8.78	95.67
32.88	24.25	14.8	10	f	36.58	25.44	149.09	-32.2	37.31	25.66	144.96
34.11	-20.9	4.2	10	*	37.13	-19.72	199.73	-65.99	37.71	-19.5	94.92
34.86	13.6	9.9	10	f	38.41	14.76	157.27	-40.79	39.1	14.98	126.65
35.57	44.48	82	1	f	39.79	45.63	142.36	-12.8	40.61	45.84	257.27
35.78	29.73	14	1	f	39.62	30.88	149.07	-26.13	40.37	31.09	142.28
35.83	-23.13	4.2	10	*	38.79	-21.98	206.19	-65.34	39.36	-21.77	94.92
36.03	31.5	15	1	f	39.91	32.64	148.43	-24.45	40.67	32.85	145.61
36.92	-25.35	3	10	*	39.83	-24.21	211.93	-65.02	40.39	-24	84.74
37.5	-4.93	6	10	f	40.76	-3.81	177.12	-54	41.39	-3.6	107.03
37.85	13.63	13.8	10	f	41.41	14.75	160.47	-39.24	42.1	14.96	141.59
38.81	2.97	5.6	10	f	42.19	4.07	170.22	-47.28	42.85	4.27	104.57
39.5	-4.93	6.6	10	f	42.75	-3.84	179.43	-52.57	43.38	-3.64	110.51
40.53	28.17	14.8	10	f	44.39	29.24	153.97	-25.55	45.14	29.43	144.96
41.88	15.95	11.1	10	f	45.51	17	162.89	-35.13	46.21	17.19	131.61
42.34	-2.92	9	10	f	45.63	-1.87	180.15	-49.12	46.26	-1.68	122.66
42.38	-20.92	6.1	10	*	45.33	-19.87	206.24	-58.88	45.9	-19.68	107.62
42.5	-4.93	6.8	10	f	45.75	-3.89	182.64	-50.34	46.38	-3.7	111.63
43.72	13.63	9.2	10	f	47.31	14.65	166.34	-35.93	48	14.84	123.57
44.98	8.83	6.1	10	f	48.48	9.83	171.39	-38.83	49.16	10.01	107.62
45.47	11.38	4.1	10	f	49.02	12.37	169.74	-36.59	49.71	12.55	94.15
45.48	8.83	5.1	10	f	48.99	9.82	171.86	-38.51	49.66	10	101.33
46.22	11.38	3.5	10	f	49.77	12.35	170.44	-36.11	50.46	12.53	89.26
47.58	-10.03	6.8	10	f	50.73	-9.09	193.67	-49.38	51.33	-8.91	111.63
47.78	30.52	7	5	f	51.77	31.45	158.32	-20.13	52.54	31.62	112.72
48.28	30.52	6.1	10	f	52.27	31.44	158.69	-19.88	53.05	31.61	107.62
48.78	30.52	9.4	10	f	52.78	31.43	159.06	-19.62	53.55	31.6	124.46
50.74	6.98	10.3	10	f	54.21	7.87	178.19	-36.22	54.89	8.03	128.35
50.84	-2.82	10.1	10	f	54.12	-1.93	187.89	-42.56	54.75	-1.77	127.5
52.42	43.42	55	1	f	56.88	44.25	153.5	-7.55	57.75	44.41	225.08
53.75	27.98	15	1	f	57.72	28.8	164.33	-18.9	58.5	28.95	145.61
53.8	-10.05	7.4	10	f	56.93	-9.23	198.41	-44.18	57.53	-9.08	114.85
54	-23.05	4.9	10	*	56.83	-22.23	215.86	-49.41	57.38	-22.08	99.97
55.7	43.83	54	1	f	60.23	44.6	155.11	-5.74	61.11	44.74	223.7
57.07	-9.98	8.1	10	f	60.18	-9.23	200.54	-41.37	60.79	-9.09	118.39
58.8	15.97	11	10	f	62.49	16.68	176.92	-24.32	63.21	16.8	131.21
60.35	-2.8	13.8	10	f	63.62	-2.12	194.96	-34.81	64.25	-2	141.59
61.58	7.05	13.4	10	f	65.07	7.7	186.45	-28.04	65.75	7.82	140.2
62.13	-24.92	4.2	10	*	64.86	-24.27	221.65	-42.89	65.39	-24.15	94.92
63.17	20.45	15.3	10	f	67	21.06	176.35	-18.23	67.74	21.17	146.58
64.14	-22.75	6.2	10	*	66.92	-22.15	219.66	-40.46	67.46	-22.04	108.21
66.64	-22.75	8.8	10	*	69.41	-22.21	220.65	-38.29	69.95	-22.11	121.74
66.8	19.32	25	1	f	70.6	19.84	179.58	-16.38	71.34	19.93	172.83
67.17	19.98	17	1	f	71	20.5	179.27	-15.68	71.74	20.59	151.86
67.27	20.6	30	1	f	71.11	21.11	178.84	-15.22	71.86	21.2	183.72
67.91	39.84	10	4	f	72.39	40.33	164.42	-2.24	73.25	40.41	127.08
67.83	22.45	15.6	10	f	71.73	22.95	177.71	-13.64	72.48	23.04	147.54
68.12	20.97	36	1	f	71.98	21.46	179.07	-14.37	72.72	21.55	195.29
68.38	-24.92	8.1	10	*	71.08	-24.41	223.9	-37.49	71.6	-24.33	118.39
70.56	3.55	19.9	10	f	73.98	3.99	195.37	-22.8	74.64	4.07	160.1
73.34	17.02	56	1	f	77.1	17.39	185.38	-12.86	77.83	17.45	226.44
74.44	6.63	38	1	f	77.93	6.98	194.88	-17.88	78.61	7.04	198.86
74.69	5.4	35	1	f	78.15	5.74	196.11	-18.34	78.82	5.8	193.46
75.32	20.62	34	1	f	79.18	20.94	183.52	-9.23	79.93	20.99	191.59
75.94	6.52	17.7	6	f	79.43	6.83	195.83	-16.69	80.1	6.88	153.93
77.72	20.63	74	1	f	81.58	20.89	184.82	-7.39	82.33	20.93	248.59
77.84	-6.62	24	1	f	81.01	-6.35	208.83	-21.75	81.62	-6.31	170.48
79.34	-6.25	8.9	8	f	82.52	-6.02	209.25	-20.27	83.13	-5.99	122.2
79.5	9.23	30	1	f	83.06	9.45	195.43	-12.25	83.75	9.48	183.72
80.28	-2.87	19.1	10	f	83.54	-2.66	206.59	-17.81	84.17	-2.63	157.91
81.05	23.92	36	1	f	85.02	24.09	183.82	-2.99	85.78	24.11	195.29
81.76	21.13	58	1	f	85.65	21.29	186.51	-3.97	86.4	21.31	229.12
81.95	-20.67	17.7	10	*	84.74	-20.5	224.47	-24.29	85.27	-20.47	153.93
83.27	13.83	65	1	f	86.95	13.96	193.47	-6.68	87.66	13.97	238.03
83.3	23.57	86	1	f	87.26	23.69	185.24	-1.46	88.02	23.7	261.41
83.32	-24.98	13.5	10	*	85.98	-24.85	229.38	-24.78	86.49	-24.83	140.55
83.69	19.45	50	1	f	87.53	19.56	188.91	-3.36	88.27	19.57	218.01
84.27	15.57	140	0.5	f	88	15.66	192.51	-4.94	88.72	15.67	307.69
84.69	19.87	73	1	f	88.54	19.95	189.06	-2.34	89.28	19.96	247.46
85.3	23.28	60	1	f	89.25	23.35	186.45	-0.05	90.01	23.35	231.73
86	-26.72	11.5	10	*	88.6	-26.65	232.12	-23.18	89.1	-26.64	133.19
86.38	6.5	50	1	f	89.87	6.55	201.4	-7.85	90.54	6.55	218.01
86.89	-22.57	19.3	10	*	89.62	-22.52	228.33	-20.83	90.14	-22.52	158.46
87.13	27.98	30	1	f	91.22	28	183.29	3.79	92.01	28	183.72
87.18	-2.85	22.4	5	f	90.44	-2.82	210.05	-11.78	91.07	-2.82	166.58
87.25	9.92	50	1	f	90.83	9.94	198.87	-5.38	91.52	9.94	218.01
88.06	-3.23	44	1	f	91.3	-3.23	210.82	-11.2	91.93	-3.23	208.87
88.13	6.5	60	1	f	91.62	6.5	202.28	-6.35	92.29	6.49	231.73
88.25	9.92	110	1	f	91.83	9.92	199.37	-4.53	92.52	9.91	283.84
88.77	-2.93	57	1	f	92.02	-2.94	210.9	-10.43	92.65	-2.95	227.79
89.17	19.55	73	1	f	93.01	19.52	191.51	1.11	93.75	19.51	247.46
89.25	9.92	60	1	f	92.83	9.89	199.87	-3.68	93.52	9.87	231.73
89.4	-20.55	19.6	10	*	92.19	-20.57	227.4	-17.87	92.72	-20.58	159.29
89.71	1.4	90	1	f	93.08	1.36	207.53	-7.5	93.72	1.35	265.41
89.88	6.5	80	1	f	93.37	6.46	203.15	-4.84	94.04	6.44	255.16
90.1	3.37	24.1	10	f	93.51	3.32	205.99	-6.2	94.16	3.3	170.72
90.25	9.92	70	1	f	93.83	9.87	200.36	-2.82	94.52	9.84	244
91	9.92	90	1	f	94.58	9.85	200.73	-2.18	95.27	9.82	265.41
91.27	22.72	120	0.25	f	95.2	22.63	189.73	4.39	95.95	22.61	292.23
91.56	-6.27	52	1	f	94.73	-6.35	215.22	-9.58	95.34	-6.37	220.89
91.63	6.5	80	1	f	95.12	6.41	204.01	-3.33	95.79	6.39	255.16
91.63	9.92	70	1	f	95.2	9.83	201.04	-1.65	95.89	9.8	244
91.66	-1.75	54	1	f	94.94	-1.83	211.26	-7.33	95.57	-1.86	223.7
91.67	21.6	56	1	f	95.57	21.51	190.89	4.16	96.32	21.48	226.44
92.25	9.92	74	1	f	95.83	9.81	201.34	-1.11	96.52	9.78	248.59
92.39	-23.58	26	1	*	95.09	-23.68	231.5	-16.63	95.61	-23.7	175.12
92.75	27.98	35	1	f	96.84	27.86	185.75	8.11	97.63	27.83	193.46
92.75	9.92	63	1	f	96.33	9.8	201.58	-0.68	97.02	9.77	235.55
92.89	-22.08	33	1	*	95.63	-22.19	230.29	-15.58	96.16	-22.22	189.68
92.9	-0.25	65	1	f	96.22	-0.37	210.54	-5.52	96.86	-0.4	238.03
93.52	21.82	178	0.25	f	97.42	21.68	191.54	5.77	98.17	21.64	333.41
93.66	-0.25	77	1	f	96.98	-0.38	210.91	-4.86	97.62	-0.42	251.91
94.44	27.98	50	1	f	98.53	27.82	186.46	9.43	99.31	27.78	218.01
94.56	-6.2	38	1	f	97.73	-6.36	216.59	-6.92	98.34	-6.39	198.86
94.81	-3.98	72	1	f	98.03	-4.15	214.75	-5.65	98.65	-4.19	246.32
96.57	-24.98	15.9	10	f	99.23	-25.18	234.49	-13.78	99.74	-25.23	148.49
96.81	-4.6	132	0.5	*	100.02	-4.81	216.25	-4.19	100.64	-4.86	301.69
96.88	19.62	50	1	f	100.72	19.4	195	7.49	101.45	19.34	218.01
97.95	-25.67	40	1	f	100.59	-25.9	235.68	-12.96	101.09	-25.95	202.31
98.68	-2.42	94	1	f	101.95	-2.68	215.24	-1.5	102.58	-2.74	269.3
98.73	10.92	50	1	f	102.33	10.65	203.55	4.95	103.02	10.59	218.01
99	-4.93	62	1	f	102.2	-5.2	217.6	-2.43	102.82	-5.26	234.29
99.31	14.92	70	1	f	103.02	14.64	200.28	7.34	103.73	14.57	244
99.78	-9.12	50	1	*	102.88	-9.4	221.65	-3.76	103.48	-9.46	218.01
100	-26.72	31.3	10	f	102.61	-27	237.48	-11.77	103.11	-27.06	186.35
100.85	10.92	67	1	f	104.45	10.6	204.55	6.79	105.14	10.53	240.45
101.12	-10.5	67	1	*	104.18	-10.82	223.49	-3.27	104.77	-10.89	240.45
102.27	2.65	120	0.5	*	105.66	2.3	212.52	4.08	106.31	2.22	292.23
102.38	12.48	50	1	f	106.01	12.13	203.86	8.84	106.71	12.05	218.01
102.43	-2.55	120	0.5	f	105.69	-2.9	217.16	1.72	106.32	-2.98	292.23
102.78	-8.55	78	1	*	105.9	-8.91	222.58	-0.89	106.49	-8.99	253
103	-26.35	48	1	f	105.63	-26.71	238.39	-9.21	106.13	-26.78	215.05
103.1	10.92	60	1	f	106.7	10.54	205.6	8.74	107.39	10.46	231.73
103.18	-2.98	98	1	f	106.43	-3.35	217.91	2.16	107.06	-3.43	273.08
103.54	-21.18	45	1	*	106.32	-21.56	234.02	-6.35	106.85	-21.64	210.45
104.28	-10.02	34	1	*	107.36	-10.41	224.58	-0.31	107.95	-10.5	191.59
104.41	-8.83	83	1	*	107.51	-9.23	223.61	0.38	108.11	-9.32	258.32
104.66	-22.8	81	1	*	107.4	-23.2	235.95	-6.2	107.93	-23.28	256.22
105.1	10.92	70	1	f	108.69	10.5	206.52	10.47	109.38	10.4	244
106	-2.05	102	1	*	109.27	-2.49	218.46	5.08	109.9	-2.58	276.76
106.16	-8.98	70	1	*	109.26	-9.42	224.59	1.81	109.86	-9.52	244
106.29	-21.18	70	1	*	109.07	-21.62	235.27	-4.1	109.61	-21.72	244
107.04	-22.25	62	1	*	109.8	-22.71	236.54	-4.02	110.33	-22.8	234.29
108.03	-10.08	118	0.5	*	111.11	-10.57	226.46	2.87	111.7	-10.67	290.59
108.91	-8.22	112	0.5	*	112.03	-8.72	225.28	4.55	112.63	-8.83	285.56
107.5	-1.85	58	1	*	110.78	-2.32	219.02	6.48	111.41	-2.43	229.12
110	11.02	48	1	f	113.58	10.48	208.7	14.79	114.27	10.37	215.05
111.29	-21.35	168	0.25	*	114.09	-21.91	237.76	-0.16	114.62	-22.02	327.03
112.04	-22.57	204	0.25	*	114.8	-23.14	239.16	-0.2	115.34	-23.26	348.96
113.26	-25.47	86	1	f	115.95	-26.07	242.22	-0.76	116.47	-26.19	261.41
115.29	-23.43	108	0.5	*	118.05	-24.08	241.48	1.88	118.58	-24.22	282.11
118.27	3.35	28.3	10	*	121.66	2.63	219.78	18.41	122.31	2.48	180.16
120.27	-21.25	80	1	*	123.11	-22.01	242.22	6.92	123.65	-22.16	255.16
120.77	-23.52	66	1	f	123.55	-24.29	244.36	6.01	124.09	-24.44	239.25
121.66	-10.08	40	1	f	124.76	-10.88	233.58	14.3	125.36	-11.04	202.31
121.91	-9.05	45	1	*	125.03	-9.85	232.82	15.07	125.64	-10.01	210.45
122.78	-9.42	24.2	10	*	125.9	-10.23	233.63	15.59	126.5	-10.4	170.95
123.14	-22.25	52	1	*	125.97	-23.07	244.6	8.53	126.52	-23.24	220.89
125.52	-21.5	35	1	*	128.38	-22.37	245.32	10.74	128.93	-22.54	193.46
127.77	-22.02	33	1	f	130.63	-22.93	247.04	12.08	131.18	-23.11	189.68
128.1	-22.12	30	1	f	130.96	-23.04	247.32	12.26	131.51	-23.22	183.72
128.77	-22.28	24	1	f	131.63	-23.22	247.84	12.64	132.18	-23.4	170.48
128.81	-21.32	20	1	f	131.69	-22.25	247.09	13.28	132.25	-22.44	160.37
130.02	-21.18	22	1	*	132.91	-22.14	247.72	14.24	133.47	-22.33	165.58
131.27	-23.37	13	1	f	134.12	-24.35	250.21	13.73	134.67	-24.54	138.78
131.66	-1.43	20.3	10	*	134.95	-2.43	231.79	27.37	135.59	-2.62	161.17
132.02	-22.38	16.2	10	f	134.9	-23.38	249.9	14.89	135.46	-23.58	149.42
134.35	23.67	8.3	10	*	138.11	22.62	205.94	41.08	138.83	22.41	119.37
136.41	-1.37	13.8	10	*	139.7	-2.44	234.81	31.32	140.34	-2.66	141.59
137.52	-25.28	14	10	f	140.38	-26.38	255.64	16.66	140.94	-26.59	142.28
140.02	-22.38	15.8	10	f	142.96	-23.52	255.17	20.33	143.53	-23.74	148.17
140.17	-9.2	11.1	10	f	143.34	-10.34	244.64	29.44	143.95	-10.56	131.61
140.24	1.88	11.5	10	*	143.59	0.74	234.28	36.32	144.23	0.52	133.19
143.77	-22.38	13	10	f	146.74	-23.57	257.86	22.72	147.32	-23.81	138.78
144.52	-25.28	10.1	10	f	147.45	-26.48	260.5	21.02	148.02	-26.72	127.5
144.53	-0.38	7.9	10	*	147.85	-1.59	239.8	38.41	148.48	-1.82	117.4
145.57	3.73	7.7	10	*	148.94	2.52	236.33	41.73	149.58	2.28	116.39
146.45	-22.35	13.2	10	f	149.46	-23.58	259.87	24.39	150.04	-23.82	139.5
150.02	-25.28	9.1	10	f	153.01	-26.56	264.67	24.16	153.59	-26.81	123.11
154.03	1.87	7.2	10	*	157.37	0.55	245.84	47.11	158.01	0.29	113.79
154.88	-1.23	6.5	10	f	158.19	-2.56	249.93	45.58	158.83	-2.82	109.95
156.28	1.87	4.9	10	*	159.62	0.52	248.14	48.75	160.26	0.26	99.97
156.5	8.32	5.6	7	*	159.9	6.97	240.64	53.16	160.55	6.71	104.57
166.02	8.37	5.3	6	*	169.39	6.95	252.1	60.2	170.03	6.68	102.65
166.9	-1.23	5.6	10	f	170.22	-2.65	264.27	53.21	170.86	-2.93	104.57
167.53	-25.38	6.5	10	f	170.72	-26.81	280.28	31.98	171.34	-27.08	109.95
169.22	8.37	3.1	8	*	172.58	6.94	257.02	62.31	173.22	6.66	85.68
170.15	-1.28	4.9	10	f	173.47	-2.72	269.04	54.87	174.11	-2.99	99.97
178.43	8.35	6	5	*	181.76	6.9	275.17	67.21	182.4	6.62	107.03
181.28	11.05	2.2	13	*	184.59	9.6	279.45	70.79	185.23	9.33	76.32
187.67	10.95	3.4	11	*	190.95	9.52	298.84	72.08	191.58	9.25	88.39
191.71	8.33	4.6	13	*	195	6.92	310.75	69.36	195.63	6.66	97.87
192.08	10.93	3.9	13	*	195.34	9.53	312.86	71.89	195.97	9.26	92.58
193.44	-11.75	9.3	10	f	196.85	-13.15	309.86	49.21	197.51	-13.41	124.02
194.28	-9.93	8.1	10	f	197.69	-11.33	311.47	50.92	198.34	-11.59	118.39
195.33	10.93	3.8	12	*	198.58	9.55	322.69	71.18	199.21	9.28	91.77
199.36	-11.75	8.6	10	f	202.8	-13.1	318.53	48.22	203.47	-13.36	120.8
200.7	-10.02	8.4	10	f	204.14	-11.36	321.14	49.57	204.8	-11.61	119.85
201.99	-11.75	11.3	10	f	205.44	-13.08	322.23	47.55	206.11	-13.33	132.4
202.79	14.08	5.5	1	*	205.98	12.76	346.97	70.53	206.59	12.51	103.94
204.72	-14.45	8.5	10	f	208.22	-15.75	324.66	44.16	208.9	-15.99	120.32
207.2	-10.02	9.2	10	f	210.66	-11.28	330.23	47.39	211.33	-11.52	123.57
207.86	-11.75	10	10	f	211.35	-13.01	330.08	45.55	212.02	-13.25	127.08
208.93	31.82	7.4	10	*	211.82	30.57	48.16	72.62	212.37	30.33	114.85
209.47	-14.45	12.3	10	f	213	-15.69	330.53	42.44	213.68	-15.92	136.23
212.45	-10.02	11.2	10	f	215.93	-11.21	336.91	45.07	216.61	-11.44	132.01
213.47	-23.07	9.7	10	f	217.16	-24.25	330.27	33.04	217.88	-24.47	125.78
213.74	-11.75	8.8	10	f	217.25	-12.93	337.24	42.94	217.93	-13.15	121.74
216.2	8.12	2.7	6	f	219.41	6.97	359.61	57.13	220.03	6.76	81.78
217.44	-10.08	13.3	10	f	220.94	-11.21	342.63	42.42	221.61	-11.42	139.85
217.53	23.95	8.8	10	*	220.46	22.82	29.14	64.11	221.03	22.61	121.74
217.53	9.37	3.5	13	f	220.72	8.24	2.94	56.97	221.33	8.03	89.26
218.34	31.88	8.9	10	*	221.11	30.77	47.58	64.63	221.64	30.56	122.2
218.47	-23.07	10.3	10	f	222.2	-24.17	335.06	30.89	222.93	-24.38	128.35
224.99	-11.75	14	10	f	228.54	-12.74	349	36.62	229.23	-12.93	142.28
220.15	25.22	6.4	10	f	223.04	24.13	33.27	62.15	223.59	23.93	109.37
221.05	-24.9	10.3	10	f	224.84	-25.96	336.3	28.1	225.58	-26.16	128.35
222.47	-23.07	12.8	10	f	226.24	-24.1	338.67	28.95	226.97	-24.29	138.06
222.81	31.83	9.2	10	*	225.52	30.79	47.74	60.84	226.04	30.6	123.57
223.24	29.32	4.4	10	*	226.01	28.29	42.72	60.23	226.54	28.09	96.41
223.28	24.75	9	10	f	226.15	23.72	33.83	59.29	226.7	23.53	122.66
223.9	25.22	6.6	10	f	226.75	24.2	34.99	58.87	227.3	24.01	110.51
224.8	-24.9	8.8	10	f	228.62	-25.89	339.5	26.24	229.37	-26.08	121.74
225.68	27.2	8.3	10	f	228.47	26.21	39.36	57.77	229.01	26.03	119.37
225.78	23.75	9.5	10	f	228.65	22.77	33.21	56.83	229.2	22.58	124.91
226.15	25.22	5	10	f	228.99	24.24	35.96	56.9	229.53	24.06	100.66
227.15	-23	14.1	10	f	230.96	-23.95	342.69	26.51	231.69	-24.12	142.62
227.19	-3.08	9.4	12	f	230.58	-4.04	358.67	41.48	231.24	-4.21	124.46
228.43	27.2	8.9	10	f	231.2	26.27	40.27	55.37	231.73	26.09	122.2
228.93	31.72	10	10	*	231.58	30.79	48.27	55.64	232.1	30.62	127.08
229.95	29.33	4.9	10	*	232.65	28.43	44.35	54.45	233.17	28.26	99.97
230	14.13	9.5	4	f	233.05	13.23	20.94	49.42	233.64	13.07	124.91
230.25	-3.08	10.9	12	f	233.65	-3.98	1.39	39.23	234.3	-4.14	130.81
231.53	8.12	11	5	f	234.7	7.25	14.44	45.06	235.31	7.09	131.21
232.2	-9.85	13.1	10	f	235.74	-10.7	356.91	33.19	236.42	-10.86	139.14
232.28	23.75	10.6	10	*	235.1	22.89	36.16	51.13	235.65	22.73	129.59
232.43	31.72	8.9	10	f	235.05	30.86	48.85	52.68	235.56	30.7	122.2
233	14.15	6	6	f	236.04	13.31	22.99	46.86	236.63	13.15	107.03
233.47	-21.53	12.8	10	f	237.27	-22.36	348.7	23.91	238.01	-22.51	138.06
233.75	14.15	6.5	6	f	236.79	13.32	23.47	46.21	237.37	13.17	109.95
235.51	31.77	13.1	10	*	238.1	30.97	49.49	50.09	238.6	30.83	139.14
235.51	-26.93	18.6	10	f	239.47	-27.71	346.3	18.65	240.24	-27.85	156.51
235.72	-23.78	32.5	2	f	239.6	-24.56	348.71	20.85	240.35	-24.7	188.72
236.63	-3.08	10.8	12	f	240.03	-3.84	6.52	34.36	240.68	-3.98	130.41
237.15	-23	17.1	10	f	241.02	-23.74	350.3	20.51	241.77	-23.88	152.16
237.19	26.93	12.4	10	f	239.9	26.18	42.71	47.71	240.42	26.04	136.6
237.47	-21.53	18.1	10	f	241.3	-22.27	351.62	21.35	242.04	-22.4	155.09
237.58	-24.92	9.2	10	f	241.5	-25.65	349.19	18.86	242.26	-25.78	123.57
239.26	-26.93	7.2	10	f	243.25	-27.63	348.85	16.36	244.02	-27.75	113.79
240.01	31.77	12.2	10	*	242.56	31.07	50.39	46.32	243.05	30.94	135.86
240.01	-26.93	6.1	10	f	244	-27.61	349.34	15.89	244.77	-27.73	107.62
240.05	-24.95	1.6	10	f	243.98	-25.63	350.84	17.26	244.74	-25.75	68.53
240.8	-24.95	2	10	f	244.74	-25.61	351.33	16.77	245.5	-25.73	73.9
241	14.28	13	6	f	244.01	13.61	27.92	39.97	244.59	13.49	138.78
241.08	-23.1	0.5	10	f	244.97	-23.76	352.92	17.87	245.72	-23.87	46.18
241.19	26.93	12	10	f	243.88	26.27	44	44.26	244.39	26.14	135.1
241.22	-9.95	14.6	10	f	244.78	-10.61	3.65	26.5	245.47	-10.72	144.3
241.62	-23.07	0.7	10	f	245.51	-23.71	353.3	17.53	246.26	-23.83	51.78
241.8	23.75	13.3	10	f	244.57	23.1	40.01	42.82	245.1	22.98	139.85
242.03	-25.02	3.8	6	f	245.97	-25.65	352.08	15.92	246.73	-25.76	91.77
242.05	-3.15	12.2	12	f	245.45	-3.79	10.33	30.01	246.11	-3.9	135.86
242.07	-26.8	11.6	10	f	246.06	-27.43	350.77	14.67	246.83	-27.54	133.57
242.37	-23.07	1.1	10	f	246.26	-23.69	353.79	17.03	247.01	-23.8	60.37
242.87	-23.07	1.4	10	f	246.76	-23.68	354.12	16.69	247.51	-23.79	65.5
243.37	-23.07	1.8	10	f	247.26	-23.67	354.44	16.35	248.02	-23.78	71.32
243.47	31.6	14.2	10	*	246	30.98	50.93	43.39	246.49	30.87	142.96
243.68	26.88	15.1	10	f	246.35	26.27	44.74	42.11	246.86	26.16	145.94
243.9	9.33	9.7	12	f	247.02	8.73	24.02	35.17	247.62	8.62	125.78
244.37	-23.07	4.7	10	f	248.27	-23.65	355.08	15.66	249.02	-23.75	98.58
245.21	8.05	13.8	6	f	248.36	7.48	23.42	33.42	248.97	7.38	141.59
245.75	16.28	24	1	f	248.69	15.72	32.69	36.66	249.26	15.62	170.48
245.87	-23.07	13.6	10	f	249.77	-23.61	356.02	14.62	250.53	-23.71	140.9
246.05	-3.15	13.6	12	f	249.45	-3.7	12.96	26.76	250.11	-3.79	140.9
246.28	9.33	14.6	13	f	249.39	8.79	25.38	33.12	249.99	8.69	144.3
246.88	21.62	21.6	10	f	249.68	21.08	39.4	37.69	250.23	20.99	164.56
247.32	-26.8	50.4	10	f	251.34	-27.31	353.99	11.19	252.11	-27.4	218.59
247.65	9.33	34	1	f	250.77	8.82	26.14	31.92	251.37	8.73	191.59
247.8	23.75	18.4	10	f	250.54	23.23	42.3	37.62	251.07	23.14	155.94
248.12	-23.07	20.3	10	f	252.03	-23.56	357.39	13.04	252.79	-23.64	161.17
248.22	31.6	15.6	10	*	250.72	31.09	52.07	39.44	251.2	31	147.54
248.93	26.88	16.5	10	*	251.57	26.39	46.46	37.62	252.08	26.31	150.35
248.95	-3.25	18.6	12	f	252.36	-3.73	14.67	24.3	253.02	-3.81	156.51
249.55	23.75	20.1	10	f	252.28	23.28	42.95	36.1	252.81	23.19	160.64
249.69	-17.95	19.9	10	f	253.47	-18.41	2.46	15.09	254.2	-18.49	160.1
250.21	-23.23	41.1	8	f	254.14	-23.68	358.5	11.44	254.9	-23.75	204.16
251.38	21.62	19	4	f	254.17	21.19	41.22	33.78	254.71	21.11	157.63
252.94	-17.95	29.8	10	f	256.72	-18.33	4.38	12.62	257.45	-18.39	183.31
253.09	23.57	16.6	10	f	255.82	23.18	44.07	32.99	256.34	23.11	150.65
253.93	26.88	26.6	10	*	256.55	26.51	48.11	33.37	257.05	26.45	176.46
255.39	31.82	18.8	10	*	257.85	31.48	54.22	33.58	258.32	31.42	157.07
255.84	23.57	35	1	*	258.56	23.25	45.11	30.62	259.08	23.19	193.46
256.65	-8.63	13.7	10	f	260.2	-8.92	14.38	14.95	260.88	-8.97	141.25
257.38	-26.92	7.6	10	f	261.43	-27.18	359.46	4.04	262.21	-27.22	115.88
257.38	21.62	32.2	10	f	260.15	21.33	43.61	28.59	260.69	21.29	188.13
257.79	23.57	38	1	*	260.5	23.29	45.84	28.95	261.03	23.25	198.86
258.35	26.65	32.8	10	*	260.97	26.39	49.36	29.55	261.47	26.35	189.3
259.4	-21.78	15.3	10	f	263.3	-22	4.75	5.44	264.06	-22.03	146.58
261.28	-18.08	23	10	f	265.08	-18.26	8.83	6.01	265.81	-18.28	168.06
261.87	-26.8	25	1	f	265.93	-26.95	1.82	0.79	266.71	-26.97	172.83
262.13	21.62	42.2	5	*	264.89	21.45	45.5	24.51	265.42	21.43	205.97
262.62	-26.8	42	1	f	266.68	-26.94	2.18	0.23	267.46	-26.95	205.64
263.37	-26.8	52	1	f	267.43	-26.92	2.54	-0.33	268.21	-26.93	220.89
263.65	-8.63	18.5	10	f	267.2	-8.75	18.14	9.08	267.88	-8.76	156.23
264.89	-30	84	1	f	269.06	-30.08	0.54	-3.17	269.86	-30.08	259.36
265.17	-24.87	77	1	f	269.17	-24.94	5.04	-0.68	269.94	-24.94	251.91
265.37	-26.8	82	1	f	269.43	-26.87	3.49	-1.85	270.21	-26.87	257.27
265.94	-15.05	80	1	f	269.65	-15.11	13.79	3.84	270.37	-15.11	255.16
267	28.7	25.6	5	f	269.54	28.66	54.48	23.09	270.02	28.66	174.21
267.52	33.73	27.2	10	f	269.88	33.7	59.8	24.43	270.33	33.7	177.78
267.53	-18.08	59	1	f	271.33	-18.1	11.98	0.97	272.06	-18.09	230.43
268.03	-18.08	118	1	f	271.83	-18.09	12.22	0.56	272.56	-18.07	290.59
268.07	-8.72	7.6	10	f	271.62	-8.72	20.32	5.28	272.3	-8.71	115.88
268.13	27.8	40	1	f	270.69	27.78	53.97	21.84	271.18	27.79	202.31
268.13	21.68	54	1	*	270.89	21.67	47.97	19.42	271.42	21.68	223.7
268.78	-18.08	232	0.5	f	272.58	-18.07	12.58	-0.05	273.31	-18.05	364.29
268.81	-16.1	112	1	f	272.56	-16.08	14.31	0.92	273.28	-16.07	285.56
268.91	-22.9	112	0.5	f	272.85	-22.88	8.49	-2.6	273.61	-22.86	285.56
269.38	29.53	38	1	f	271.88	29.55	56.14	21.47	272.36	29.56	198.86
269.65	-13.4	35	1	*	273.33	-13.36	17.05	1.58	274.03	-13.34	193.46
269.67	-28.95	64	1	f	273.8	-28.91	3.58	-6.21	274.59	-28.89	236.79
269.7	-32.28	17	1	f	273.95	-32.24	0.67	-7.88	274.76	-32.22	151.86
269.75	-18.13	320	0.5	f	273.56	-18.09	13.01	-0.88	274.29	-18.07	405.62
269.83	-14.4	68	1	f	273.53	-14.36	16.27	0.93	274.24	-14.34	241.65
270.05	-32.18	27	1	f	274.29	-32.13	0.9	-8.09	275.11	-32.11	177.35
270.95	-30.7	19	1	f	275.14	-30.62	2.59	-8.04	275.94	-30.6	157.63
271.32	-8.78	65	1	f	274.87	-8.71	21.87	2.47	275.55	-8.68	238.03
271.65	-0.6	9.4	10	f	275	-0.52	29.19	6.2	275.64	-0.49	124.46
271.77	27.77	40	1	f	274.33	27.84	55.27	18.85	274.83	27.87	202.31
271.77	33.73	38.2	5	f	274.13	33.81	61.14	21.12	274.58	33.83	199.21
271.9	-13.42	88	3	f	275.58	-13.32	18.13	-0.32	276.28	-13.29	263.42
272.53	-30.97	20	1	f	276.72	-30.85	3	-9.35	277.53	-30.82	160.37
272.72	28.87	78	1	f	275.25	28.97	56.68	18.52	275.73	28.99	253
272.95	-14.1	170	0.5	f	276.64	-13.98	18.04	-1.55	277.35	-13.94	328.32
273.4	-14.27	238	0.5	f	277.1	-14.13	18.11	-2.01	277.81	-14.1	367.41
273.47	-8.18	2	7	f	277	-8.05	23.44	0.92	277.68	-8.02	73.9
273.69	33.67	48	1	f	276.06	33.79	61.71	19.61	276.51	33.82	215.05
273.87	-2.7	3.4	7	f	277.26	-2.56	28.43	3.24	277.91	-2.52	88.39
274.22	-2.7	8.9	7	f	277.61	-2.55	28.6	2.94	278.26	-2.51	122.2
274.67	-2.7	13.8	7	f	278.06	-2.54	28.81	2.55	278.71	-2.5	141.59
274.9	-12.57	9.5	2	f	278.55	-12.4	20.3	-2.46	279.25	-12.35	124.91
275.03	-13.3	19	1	f	278.69	-13.13	19.72	-2.92	279.4	-13.08	157.63
275.19	-2.7	25.8	6	f	278.58	-2.53	29.07	2.09	279.24	-2.48	174.66
275.25	-13.92	22	1	f	278.94	-13.74	19.28	-3.41	279.64	-13.69	165.58
275.3	-0.68	8.6	10	f	278.64	-0.51	30.89	2.97	279.29	-0.46	120.8
275.38	-13.6	24	1	f	279.05	-13.42	19.62	-3.36	279.76	-13.37	170.48
275.52	27.88	48	1	f	278.08	28.05	56.79	15.87	278.57	28.1	215.05
275.52	27.88	48	1	f	278.08	28.05	56.79	15.87	278.57	28.1	215.05
275.52	33.73	39.6	5	f	277.88	33.9	62.39	18.23	278.34	33.94	201.63
275.58	-14.1	14	1	f	279.26	-13.91	19.28	-3.77	279.97	-13.87	142.28
275.65	-13.75	30	1	f	279.33	-13.56	19.62	-3.67	280.04	-13.51	183.72
276.01	-25.17	35	1	f	280.01	-24.96	9.65	-9.37	280.78	-24.91	193.46
276.02	-19.58	35	1	f	279.85	-19.38	14.64	-6.76	280.59	-19.33	193.46
276.03	-12.52	30	1	f	279.67	-12.32	20.88	-3.39	280.37	-12.27	183.72
276.04	-2.98	88	1	f	279.44	-2.79	29.23	1.21	280.1	-2.74	263.42
276.18	-13.65	25	1	f	279.85	-13.45	19.95	-4.07	280.56	-13.4	172.83
276.4	-12.57	39	1	f	280.05	-12.36	21.01	-3.74	280.75	-12.31	200.6
276.57	-8.05	111	1	f	280.1	-7.84	25.05	-1.71	280.78	-7.79	284.7
276.6	-13.95	60	1	f	280.28	-13.74	19.89	-4.57	280.99	-13.69	231.73
276.7	-7.72	250	1	f	280.21	-7.5	25.4	-1.65	280.89	-7.45	373.5
276.75	-30.97	30	1	f	280.94	-30.74	4.69	-12.58	281.74	-30.69	183.72
276.98	-30.73	32	1	f	281.15	-30.51	4.99	-12.65	281.95	-30.45	187.74
277.03	-12.85	13	1	f	280.68	-12.63	21.05	-4.41	281.38	-12.57	138.78
277.03	-1.73	39	1	f	280.4	-1.51	30.81	0.94	281.05	-1.46	200.6
277.1	-13.15	20	1	f	280.76	-12.93	20.82	-4.62	281.47	-12.87	160.37
277.15	-32.42	12	1	f	281.39	-32.18	3.5	-13.52	282.2	-32.13	135.1
277.35	-13.4	20	1	f	281.02	-13.17	20.72	-4.95	281.72	-13.11	160.37
277.45	-7.83	150	1	f	280.97	-7.6	25.66	-2.36	281.64	-7.55	314.87
277.45	-31.65	24	1	f	281.66	-31.41	4.33	-13.42	282.46	-31.35	170.48
277.64	32.7	62	1	f	280.05	32.92	62.14	16.19	280.51	32.97	234.29
277.79	-2.7	13.7	7	f	281.18	-2.46	30.32	-0.19	281.84	-2.41	141.25
277.79	-18.88	74	1	f	281.6	-18.64	16.06	-7.91	282.34	-18.58	248.59
277.8	-13.32	112	1	f	281.47	-13.07	21	-5.29	282.17	-13.02	285.56
277.82	-7.88	188	0.5	f	281.34	-7.64	25.79	-2.71	282.02	-7.59	339.56
277.89	27.43	76	1	*	280.47	27.66	57.29	13.77	280.97	27.72	250.81
277.95	-31.65	19.3	10	f	282.16	-31.4	4.52	-13.8	282.96	-31.34	158.46
278.27	-18.72	88	1	f	282.07	-18.46	16.42	-8.23	282.81	-18.4	263.42
278.28	-13.88	146	0.5	f	281.96	-13.63	20.72	-5.97	282.66	-13.57	312.03
278.52	-8.57	130	1	f	282.06	-8.31	25.53	-3.65	282.74	-8.25	300.15
278.7	18.12	78	1	*	281.55	18.37	49.13	8.93	282.1	18.43	253
278.74	29.32	80	1	f	281.26	29.57	59.37	13.91	281.75	29.62	255.16
279.14	-20.2	83	1	f	282.99	-19.92	15.47	-9.65	283.73	-19.86	258.32
279.14	-1.62	176	0.25	f	282.51	-1.34	31.92	-0.85	283.15	-1.28	332.15
279.2	17.53	224	0.5	*	282.07	17.8	48.83	8.24	282.62	17.86	360.04
279.39	-3.48	5	1	f	282.8	-3.2	30.41	-1.96	283.46	-3.14	100.66
279.5	-14.23	118	0.5	f	283.19	-13.95	20.98	-7.18	283.9	-13.88	290.59
279.92	-3.87	116	0.25	f	283.34	-3.57	30.32	-2.61	283.99	-3.51	288.93
280.12	-2.78	10	1	f	283.51	-2.49	31.37	-2.26	284.16	-2.42	127.08
280.2	18.2	236	0.25	*	283.05	18.49	49.88	7.71	283.6	18.56	366.38
280.34	-1.62	156	0.25	f	283.71	-1.31	32.5	-1.9	284.35	-1.25	319.02
280.7	-31.65	15.2	10	f	284.9	-31.33	5.54	-15.92	285.7	-31.26	146.26
280.82	17.87	368	0.25	*	283.69	18.17	49.86	7.03	284.24	18.24	425.01
280.89	-29.35	21	1	f	285	-29.03	7.78	-15.1	285.79	-28.95	163.01
281.14	-22.72	53	1	f	285.06	-22.39	14.04	-12.44	285.81	-22.31	222.31
281.14	29.43	84	1	f	283.67	29.74	60.42	12.08	284.15	29.81	259.36
281.88	-1.23	328	0.25	f	285.24	-0.89	33.58	-3.06	285.88	-0.82	408.98
282.57	29.08	136	0.5	f	285.11	29.43	60.67	10.81	285.6	29.5	304.72
282.77	32.57	84	1	f	285.19	32.92	63.93	12.23	285.66	32.99	259.36
282.88	-18.43	36.8	5	f	286.67	-18.06	18.7	-11.99	287.4	-17.98	196.74
283.2	-25.5	26.2	5	f	287.19	-25.12	12.29	-15.34	287.96	-25.04	175.57
283.52	32.7	93	1	f	285.94	33.07	64.34	11.73	286.4	33.15	268.34
283.53	-1.23	328	0.25	f	286.89	-0.85	34.38	-4.51	287.53	-0.77	408.98
283.73	-14.38	180	0.5	f	287.41	-13.99	22.76	-10.88	288.12	-13.91	334.66
283.77	-18.68	80	1	f	287.56	-18.29	18.86	-12.85	288.29	-18.21	255.16
283.82	27.48	206	0.5	f	286.41	27.86	59.75	9.1	286.91	27.94	350.1
284.78	-1.23	328	0.25	f	288.14	-0.82	34.98	-5.6	288.78	-0.73	408.98
284.86	17.38	40	1	f	287.75	17.79	51.29	3.42	288.3	17.88	202.31
285.26	18.33	75	1	f	288.12	18.75	52.3	3.55	288.67	18.84	249.7
285.39	33.22	127	1	f	287.8	33.63	65.54	10.56	288.27	33.72	297.82
285.62	15.12	204	0.25	*	288.57	15.54	49.67	1.67	289.14	15.63	348.96
285.65	-13.27	160	0.5	f	289.3	-12.83	24.65	-12.03	290	-12.74	321.74
285.7	-31.65	14.1	10	f	289.87	-31.21	7.31	-19.83	290.67	-31.11	142.62
285.89	34.07	146	0.5	f	288.28	34.49	66.5	10.59	288.73	34.58	312.03
286.64	28.87	196	0.5	f	289.2	29.31	62.17	7.56	289.7	29.41	344.32
286.89	33.07	130	0.5	f	289.31	33.52	66.01	9.39	289.78	33.61	300.15
286.97	32.02	116	0.5	f	289.43	32.47	65.1	8.83	289.9	32.56	288.93
287.16	-2.13	120	0.5	f	290.53	-1.67	35.34	-8.12	291.18	-1.57	292.23
287.4	-19.02	60	1	f	291.2	-18.54	20.11	-16.09	291.92	-18.44	231.73
287.42	33.15	130	1	f	289.84	33.61	66.29	9.04	290.31	33.71	300.15
288.25	14.65	58	1	*	291.21	15.14	50.52	-0.76	291.78	15.24	229.12
288.46	30.02	256	0.25	f	290.99	30.51	63.96	6.74	291.48	30.61	376.47
288.47	30.52	158	0.5	f	290.98	31.01	64.4	6.98	291.47	31.11	320.39
288.51	17.75	60	1	*	291.39	18.24	53.33	0.58	291.95	18.35	231.73
288.52	28.65	279	0.33	f	291.09	29.14	62.79	6.02	291.59	29.24	387.46
288.73	-13.6	64	1	f	292.38	-13.09	25.73	-14.85	293.08	-12.98	236.79
288.92	34.57	160	1	f	291.3	35.06	68.16	8.63	291.76	35.17	321.74
289.21	29.28	296	0.25	f	291.77	29.79	63.65	5.81	292.26	29.89	395.19
289.25	16.62	56	1	*	292.16	17.13	52.71	-0.6	292.72	17.24	226.44
289.43	-18.2	50	1	f	293.2	-17.67	21.74	-17.48	293.92	-17.56	218.01
289.6	11.85	196	0.25	*	292.63	12.37	48.76	-3.31	293.22	12.48	344.32
289.62	28.65	279	0.33	f	292.2	29.17	63.28	5.18	292.69	29.27	387.46
289.97	32.77	180	0.5	f	292.42	33.29	67.01	6.98	292.89	33.4	334.66
289.98	-18.2	55	1	f	293.75	-17.66	21.97	-17.95	294.47	-17.55	225.08
290.21	29.08	384	0.25	f	292.78	29.61	63.92	4.95	293.28	29.72	431.1
290.25	11.22	472	0.25	*	293.31	11.75	48.54	-4.18	293.9	11.87	461.87
290.39	34.72	208	0.5	f	292.78	35.25	68.89	7.65	293.24	35.36	351.23
290.61	27.52	320	0.25	f	293.23	28.06	62.74	3.85	293.74	28.17	405.62
291.15	33.18	224	0.25	f	293.59	33.73	67.88	6.34	294.06	33.85	360.04
291.2	-14.4	36	1	f	294.87	-13.83	26.1	-17.36	295.57	-13.71	195.29
291.21	29.28	296	0.25	f	293.78	29.84	64.53	4.31	294.27	29.95	395.19
291.22	-23.85	18.3	10	f	295.13	-23.28	17.01	-21.33	295.88	-23.16	155.66
291.27	32.85	190	0.5	f	293.72	33.4	67.64	6.08	294.19	33.52	340.76
291.32	25.7	280	0.25	f	293.99	26.26	61.5	2.38	294.51	26.37	387.92
291.34	30.4	340	0.25	f	293.88	30.96	65.55	4.78	294.36	31.07	413.92
291.4	-13.83	55	1	f	295.05	-13.26	26.72	-17.28	295.75	-13.14	225.08
291.9	17.43	424	0.25	*	294.8	18.01	54.71	-2.36	295.36	18.13	445.61
291.93	28.87	240	0.33	f	294.52	29.44	64.5	3.55	295.02	29.55	368.44
292	-13.5	45	1	f	295.64	-12.91	27.31	-17.66	296.34	-12.79	210.45
292.03	33.18	288	0.25	f	294.47	33.76	68.25	5.71	294.94	33.87	391.59
292.22	30.57	344	0.25	f	294.75	31.14	66.09	4.22	295.24	31.26	415.54
292.22	33.22	186	0.5	f	294.66	33.79	68.36	5.59	295.14	33.91	338.35
292.44	24.83	34	1	f	295.15	25.42	61.29	1.06	295.67	25.54	191.59
292.65	15.45	588	0.25	*	295.6	16.04	53.39	-4.01	296.17	16.16	497.04
292.65	35.12	312	0.25	f	295.04	35.7	70.19	6.26	295.5	35.82	402.21
292.89	-2.57	62.2	5	*	296.27	-1.96	37.77	-13.34	296.92	-1.84	234.54
293.04	-19.73	23.8	10	f	296.83	-19.12	21.78	-21.22	297.55	-19	170
293.06	27.42	296	0.25	f	295.7	28.01	63.78	1.94	296.2	28.14	395.19
293.27	34.43	212	0.5	f	295.68	35.03	69.86	5.47	296.14	35.16	353.48
293.28	-13.2	50	1	f	296.91	-12.59	28.17	-18.63	297.6	-12.46	218.01
293.31	28.87	240	0.33	f	295.9	29.47	65.13	2.52	296.4	29.59	368.44
293.33	31.02	232	0.25	f	295.86	31.62	66.97	3.63	296.35	31.74	364.29
293.71	-25.73	14.1	10	f	297.66	-25.11	16.06	-24.14	298.42	-24.97	142.62
293.89	26.68	256	0.25	f	296.55	27.3	63.55	0.93	297.06	27.43	376.47
294.03	35.05	384	0.25	f	296.42	35.67	70.72	5.26	296.88	35.79	431.1
294.15	-12.52	68	1	f	297.76	-11.88	29.22	-19.09	298.46	-11.75	241.65
294.21	29.42	296	0.25	f	296.79	30.04	66.01	2.15	297.29	30.17	395.19
295.14	27	296	0.25	f	297.79	27.65	64.41	0.16	298.31	27.78	395.19
295.19	30.8	192	0.25	f	297.74	31.45	67.64	2.17	298.23	31.58	341.96
295.2	15.45	588	0.25	*	298.16	16.1	54.69	-6.1	298.73	16.23	497.04
295.64	16.77	352	0.25	*	298.57	17.43	56.03	-5.75	299.13	17.56	418.75
295.88	32.62	130	0.5	f	298.37	33.28	69.48	2.66	298.85	33.41	300.15
295.98	25.55	124	0.5	f	298.69	26.22	63.61	-1.27	299.21	26.35	295.45
296.4	12.03	140	0.5	*	299.45	12.71	52.4	-8.9	300.03	12.85	307.69
293.9	-13.05	50	1	f	297.53	-12.42	28.6	-19.11	298.22	-12.29	218.01
296.59	16.77	352	0.25	*	299.52	17.45	56.52	-6.52	300.09	17.59	418.75
296.71	-25.73	12.8	10	f	300.64	-25.04	17.14	-26.65	301.39	-24.89	138.06
296.78	29.42	312	0.25	f	299.38	30.1	67.23	0.26	299.88	30.24	402.21
296.83	-19.77	20.9	10	f	300.6	-19.07	23.31	-24.49	301.32	-18.93	162.75
296.84	32.37	312	0.25	f	299.35	33.05	69.72	1.84	299.83	33.19	402.21
297.28	32.78	268	0.25	f	299.77	33.48	70.27	1.77	300.25	33.61	382.28
297.45	33.15	120	0.5	f	299.94	33.85	70.66	1.85	300.42	33.99	292.23
297.52	-2.65	39.2	5	*	300.9	-1.94	40.04	-17.42	301.55	-1.8	200.95
297.9	27.38	51	1	f	300.57	28.09	66.08	-1.69	301.08	28.23	219.46
298	32.75	220	0.5	f	300.5	33.46	70.58	1.24	300.99	33.6	357.88
298.25	29.4	80	1	f	300.86	30.11	67.93	-0.81	301.36	30.26	255.16
298.37	26.33	52	0.5	f	301.06	27.05	65.44	-2.62	301.58	27.2	220.89
298.42	35.02	306	0.25	f	300.85	35.73	72.65	2.23	301.32	35.88	399.6
298.45	-31.65	7.7	10	f	302.54	-30.91	11.36	-30.04	303.32	-30.76	116.39
298.5	34.8	160	0.5	f	300.94	35.52	72.51	2.05	301.41	35.66	321.74
298.55	11.95	120	0.5	*	301.6	12.68	53.47	-10.72	302.19	12.82	292.23
298.59	30.03	136	0.25	f	301.18	30.76	68.62	-0.7	301.68	30.9	304.72
298.78	27.32	48	1	f	301.45	28.04	66.47	-2.37	301.96	28.19	215.05
299.08	29.27	112	0.5	f	301.7	30	68.22	-1.48	302.2	30.15	285.56
299.09	32.72	192	0.25	f	301.6	33.45	71.07	0.47	302.09	33.6	341.96
299.33	27.43	45	1	f	302	28.17	66.84	-2.7	302.51	28.32	210.45
299.42	31.52	104	0.5	f	301.97	32.26	70.24	-0.44	302.46	32.4	278.57
299.95	27.38	41	1	f	302.63	28.14	67.11	-3.19	303.15	28.29	203.99
300.09	10.95	56	1	*	303.17	11.71	53.45	-12.53	303.76	11.86	226.44
300.1	34.8	184	0.5	f	302.56	35.55	73.26	0.97	303.03	35.7	337.13
300.1	29.45	80	1	f	302.72	30.21	68.89	-2.11	303.23	30.36	255.16
300.21	-25.73	12.2	10	f	304.12	-24.96	18.39	-29.61	304.87	-24.8	135.86
300.41	10.43	68	1	*	303.51	11.2	53.19	-13.08	304.1	11.35	241.65
301.36	33.43	46	1	f	303.87	34.21	72.75	-0.67	304.35	34.37	212.01
301.36	17.07	280	0.25	f	304.31	17.85	59.33	-10.15	304.87	18.01	387.92
301.6	-17.45	22.6	10	f	305.29	-16.65	27.7	-27.7	306	-16.49	167.08
301.68	27.47	75	1	f	304.36	28.26	68.07	-4.39	304.88	28.41	249.7
302.11	33.55	47.4	5	f	304.62	34.35	73.21	-1.11	305.11	34.51	214.15
302.11	17.07	280	0.25	f	305.06	17.87	59.75	-10.74	305.63	18.03	387.92
302.24	-13.62	38	1	f	305.85	-12.81	31.9	-26.65	306.54	-12.64	198.86
302.28	-19.67	24.2	5	f	306.02	-18.85	25.67	-29.17	306.74	-18.69	170.95
302.47	-12.8	31	1	f	306.06	-11.98	32.83	-26.5	306.75	-11.82	185.75
303.09	31.77	76	0.5	f	305.67	32.58	72.27	-2.84	306.16	32.75	250.81
304.33	13.8	184	0.25	f	307.36	14.65	58.27	-14.37	307.95	14.82	337.13
304.71	-25.73	10.6	10	f	308.59	-24.87	19.97	-33.43	309.33	-24.69	129.59
305.24	28.55	88	1	f	307.92	29.41	70.83	-6.26	308.44	29.59	263.42
305.4	18.53	104	0.5	f	308.33	19.4	62.83	-12.43	308.89	19.58	278.57
305.73	33.55	66	1	f	308.28	34.42	75.05	-3.51	308.77	34.6	239.25
305.74	-13.43	20	1	f	309.33	-12.55	33.76	-29.64	310.02	-12.37	160.37
306.21	-25.73	9.3	10	f	310.08	-24.84	20.5	-34.71	310.82	-24.66	124.02
306.49	-13.43	22.8	10	f	310.08	-12.54	34.13	-30.3	310.77	-12.36	167.57
306.5	22.55	248	0.25	f	309.34	23.44	66.73	-10.83	309.89	23.62	372.5
306.5	-2.73	30.8	5	*	309.88	-1.84	44.79	-25.23	310.52	-1.66	185.35
306.69	-19.62	16.7	10	f	310.41	-18.71	27.59	-32.99	311.12	-18.53	150.95
306.7	-31.65	7.7	10	f	310.72	-30.74	13.65	-36.79	311.48	-30.56	116.39
306.89	-6.12	39	1	f	310.33	-5.21	41.74	-27.25	310.99	-5.03	200.6
308.71	-25.73	9.5	10	f	312.56	-24.79	21.36	-36.85	313.29	-24.6	124.91
308.97	28.67	142	0.5	f	311.68	29.6	72.99	-8.74	312.21	29.79	309.15
309.33	31.53	108	0.5	f	311.97	32.48	75.41	-7.13	312.47	32.66	282.11
309.39	-7.1	26.6	10	*	312.85	-6.15	42.15	-29.91	313.51	-5.96	176.46
309.5	-2.73	28.2	5	*	312.87	-1.78	46.52	-27.8	313.52	-1.59	179.95
309.93	23.38	78	0.5	f	312.77	24.34	69.41	-12.78	313.32	24.53	253
310.09	33.65	192	0.25	f	312.68	34.61	77.45	-6.24	313.18	34.8	341.96
310.3	22.1	108	0.5	f	313.17	23.06	68.62	-13.86	313.73	23.26	282.11
310.48	15.45	116	0.5	f	313.5	16.42	63.34	-18.17	314.08	16.61	288.93
310.75	27.77	112	0.5	f	313.5	28.74	73.32	-10.52	314.03	28.93	285.56
310.75	19.52	76	1	f	313.69	20.49	66.83	-15.83	314.26	20.68	250.81
310.88	35.22	260	0.25	f	313.43	36.19	79.06	-5.7	313.92	36.38	378.43
311.25	19.9	80	1	f	314.18	20.88	67.44	-15.94	314.74	21.08	255.16
311.8	29.23	120	0.5	f	314.53	30.22	75.06	-10.25	315.05	30.42	292.23
312.25	-2.73	27	5	*	315.62	-1.73	48.17	-30.13	316.27	-1.53	177.35
312.29	32.82	248	0.25	f	314.93	33.82	78.05	-8.17	315.44	34.01	372.5
312.75	-13.43	17.2	3	f	316.31	-12.42	37.3	-35.77	316.99	-12.22	152.46
312.85	21.5	70	1	f	315.75	22.51	69.72	-16.05	316.31	22.71	244
313.37	-13.43	17.4	5	f	316.93	-12.41	37.63	-36.32	317.61	-12.2	153.05
313.5	-17.78	10.3	10	f	317.15	-16.75	32.72	-38.25	317.85	-16.55	128.35
314.25	-13.43	14.9	10	f	317.8	-12.39	38.1	-37.08	318.49	-12.18	145.29
314.48	28.58	64	1	f	317.25	29.62	76.18	-12.42	317.78	29.83	236.79
314.75	-2.73	21.4	5	*	318.12	-1.68	49.73	-32.24	318.77	-1.48	164.05
315.28	-6.72	40	1	*	318.71	-5.66	45.99	-34.78	319.37	-5.45	202.31
315.87	23.35	80	0.5	f	318.76	24.41	73.1	-16.91	319.32	24.63	255.16
315.97	16.85	55	1	f	318.99	17.92	68.06	-21.33	319.57	18.13	225.08
316.55	20.62	40	1	f	319.51	21.69	71.44	-19.23	320.08	21.91	202.31
316.73	-13.53	11.1	10	f	320.28	-12.45	39.34	-39.29	320.96	-12.23	131.61
316.95	-19.75	12.8	10	f	320.61	-18.66	31.96	-42.01	321.31	-18.44	138.06
317	25.03	110	0.5	f	319.86	26.12	75.12	-16.5	320.42	26.33	283.84
317.35	28.4	75	1	f	320.15	29.49	77.85	-14.37	320.69	29.7	249.7
317.55	29.35	70	1	f	320.33	30.44	78.67	-13.83	320.87	30.66	244
317.82	16.7	50	1	f	320.86	17.8	69.21	-22.75	321.44	18.02	218.01
317.93	-6.22	25	1	*	321.35	-5.11	48.19	-36.77	322	-4.89	172.83
318	-2.73	16.4	5	f	321.37	-1.63	51.86	-34.96	322.01	-1.41	150.04
318.76	-19.93	15.3	10	f	322.41	-18.81	32.58	-43.66	323.11	-18.59	146.58
319.18	30.88	76	0.5	f	321.94	32	80.8	-13.71	322.48	32.22	250.81
319.73	32.67	50	1	f	322.46	33.79	82.41	-12.73	322.98	34.02	218.01
320.08	-6.72	24	1	*	323.5	-5.58	49.08	-38.85	324.16	-5.35	170.48
320.25	-17.82	8.1	10	f	323.85	-16.67	36.03	-44.17	324.54	-16.45	118.39
320.56	13.45	30	5	f	323.66	14.59	68.53	-26.9	324.26	14.82	183.72
321.38	-2.73	8	5	f	324.74	-1.58	54.23	-37.74	325.38	-1.35	117.9
322.3	6.82	21.6	5	f	325.52	7.99	64.14	-32.59	326.14	8.22	164.56
322.74	11.05	18.9	10	f	325.9	12.23	68.18	-30.09	326.5	12.46	157.35
323.04	32.77	25	1	f	325.81	33.94	84.62	-14.51	326.35	34.18	172.83
323.25	-2.73	15.4	5	f	326.61	-1.55	55.61	-39.27	327.26	-1.31	146.9
323.73	-7.28	13.6	10	*	327.15	-6.09	51	-42.22	327.81	-5.86	140.9
324.16	24.08	42	1	f	327.11	25.28	79.38	-21.7	327.68	25.51	205.64
324.58	24.37	60	1	f	327.53	25.57	79.9	-21.75	328.1	25.8	231.73
324.98	-6.28	18	1	*	328.39	-5.07	53.06	-42.71	329.04	-4.84	154.8
325.47	31.3	44	1	f	328.3	32.51	85.28	-16.96	328.85	32.75	208.87
325.84	-19.92	11.5	10	*	329.44	-18.69	36.14	-49.86	330.13	-18.45	133.19
326.27	30.35	52	1	f	329.13	31.57	85.21	-18.13	329.68	31.81	220.89
327.09	30.5	29	1	f	329.96	31.74	85.9	-18.45	330.52	31.98	181.64
327.97	31.07	61	1	f	330.84	32.31	86.89	-18.47	331.39	32.56	233.02
327.98	-7.28	11.5	10	*	331.39	-6.03	54.24	-45.74	332.05	-5.79	133.19
328.59	-19.92	12.8	10	*	332.17	-18.66	37.65	-52.26	332.85	-18.41	138.06
329.45	30.38	60	0.5	f	332.36	31.65	87.54	-19.78	332.92	31.9	231.73
329.52	14.88	33	1	f	332.65	16.15	76.82	-31.94	333.25	16.4	189.68
329.68	31.28	32.6	5	f	332.57	32.55	88.27	-19.17	333.13	32.8	188.91
329.7	31.67	34	1	f	332.59	32.94	88.52	-18.87	333.15	33.18	191.59
330.6	29.85	42.6	5	f	333.53	31.13	88.06	-20.8	334.1	31.38	206.62
330.72	-19.92	7.4	10	*	334.28	-18.63	38.89	-54.12	334.96	-18.38	114.85
330.98	18.2	25.1	10	f	334.08	19.49	80.57	-30.3	334.68	19.74	173.06
331.84	-19.92	8.9	10	*	335.39	-18.62	39.57	-55.1	336.07	-18.37	122.2
332.62	14.97	26	1	f	335.77	16.27	79.62	-33.8	336.38	16.53	175.12
332.88	-7.23	10.7	10	*	336.28	-5.93	58.51	-49.66	336.93	-5.67	130
332.9	24.2	26.6	5	f	335.93	25.51	86.29	-26.58	336.52	25.76	176.46
334.63	-7.23	9.1	10	*	338.03	-5.91	60.17	-51.04	338.68	-5.65	123.11
335.15	-19.97	9.3	10	*	338.67	-18.63	41.64	-57.99	339.35	-18.37	124.02
335.23	11.1	11.7	10	f	338.44	12.43	79.09	-38.41	339.06	12.69	133.96
336.92	-5.07	8.1	10	f	340.29	-3.72	65.15	-51.4	340.94	-3.46	118.39
337.65	-19.97	5	10	*	341.15	-18.61	43.43	-60.15	341.82	-18.35	100.66
337.87	16.02	17.3	10	f	341.04	17.37	85.34	-35.96	341.65	17.64	152.75
338.28	13.13	16.5	10	f	341.48	14.49	83.69	-38.56	342.1	14.76	150.35
338.67	28.07	20.1	10	f	341.72	29.43	93.49	-26.1	342.32	29.69	160.64
338.9	-19.97	7.1	10	*	342.39	-18.6	44.39	-61.23	343.06	-18.33	113.26
339.2	18.05	18.5	10	f	342.37	19.42	88.02	-34.96	342.98	19.68	156.23
339.92	7.92	19	1	f	343.18	9.29	81.41	-43.75	343.81	9.56	157.63
340.02	24.2	21.3	10	f	343.14	25.57	92.53	-30.07	343.74	25.84	163.79
340.98	29.85	26.7	10	f	344.05	31.23	96.41	-25.49	344.64	31.5	176.68
341.26	9.22	13.2	10	f	344.52	10.6	83.94	-43.45	345.14	10.87	139.5
341.38	31.37	17.2	10	f	344.44	32.75	97.5	-24.3	345.03	33.02	152.46
342.2	18.05	13.4	10	f	345.39	19.44	91.04	-36.42	346.01	19.71	140.2
343.04	11.28	8.2	10	f	346.28	12.68	87.49	-42.66	346.91	12.95	118.88
343.17	-5.07	8.9	10	f	346.53	-3.67	72.49	-55.86	347.17	-3.4	122.2
343.92	18.1	11.6	10	f	347.12	19.5	92.85	-37.16	347.74	19.77	133.57
344.23	22.12	12.1	10	f	347.41	23.52	95.41	-33.72	348.02	23.79	135.48
344.58	11.3	9.2	10	f	347.83	12.71	89.27	-43.42	348.46	12.98	123.57
345.11	-23.2	4.4	10	f	348.58	-21.79	42.41	-67.79	349.24	-21.52	96.41
345.13	31.37	18.7	10	f	348.24	32.78	100.7	-25.64	348.85	33.05	156.79
345.75	24.17	21.3	10	f	348.93	25.58	97.96	-32.46	349.54	25.85	163.79
346.4	-19.97	7.3	10	f	349.83	-18.55	51.48	-67.59	350.48	-18.27	114.32
347.22	-5.02	7.5	10	f	350.57	-3.6	78.18	-58.45	351.21	-3.32	115.37
347.52	25.08	26	1	f	350.71	26.51	100.14	-32.25	351.33	26.78	175.12
347.92	28.2	21.1	10	f	351.1	29.62	101.88	-29.49	351.72	29.9	163.27
348.17	18.1	11.9	10	f	351.41	19.53	97.47	-38.92	352.03	19.8	134.72
349.46	9	9.7	10	f	352.75	10.43	93.8	-47.71	353.38	10.71	125.78
350.99	20.2	12.1	10	f	354.25	21.64	101.63	-37.96	354.88	21.91	135.48
351.38	-23.2	3.1	10	*	354.78	-21.76	48.73	-73.17	355.43	-21.48	85.68
353.01	20.15	9.5	10	f	356.28	21.59	103.89	-38.63	356.92	21.87	124.91
353.33	10.25	10	1	f	356.64	11.69	99.77	-48.08	357.27	11.97	127.08
355.76	20.15	10.9	10	f	359.06	21.6	107.07	-39.37	359.7	21.88	130.81
356.2	44.6	50	1	f	359.47	46.05	113.82	-15.64	0.11	46.33	218.01
356.72	-23.28	4.2	10	*	0.06	-21.84	57.02	-77.61	0.7	-21.56	94.92
356.73	24.4	15.3	10	f	0.04	25.85	109.48	-35.47	0.68	26.13	146.58
359.84	2.83	5.6	10	f	3.17	4.28	106.14	-57.13	3.81	4.56	104.57
359.98	-5.07	7.8	10	f	3.31	-3.62	101.69	-64.73	3.95	-3.34	116.9
42.93	-5.98	7.4	10	+	44.98	-5.32	183.62	-51.84	45.6	-5.13	114.85
46.18	-5.98	9.8	10	+	48.22	-5.36	186.79	-49.32	48.85	-5.17	126.22
57.74	-6.68	8	10	+	59.76	-6.21	196.8	-40.23	60.38	-6.07	117.9
43.57	28.55	16.1	10	+	46.04	29.2	155.33	-24.81	46.79	29.39	149.11
50.82	28.55	22	5	+	53.33	29.11	160.99	-21.15	54.1	29.28	165.58
52.6	27.82	33	1	+	55.1	28.36	162.79	-20.74	55.87	28.52	189.68
53.55	27.45	32	1	+	56.06	27.98	163.74	-20.48	56.83	28.13	187.74
60.18	27.55	0	1	+	62.72	27.99	168.24	-16.44	63.49	28.12	-1
60.55	28.52	12.4	10	+	63.11	28.95	167.78	-15.52	63.89	29.07	136.6
61.05	28.52	11.3	4	+	63.61	28.94	168.1	-15.21	64.39	29.07	132.4
61.4	27.58	1	1	+	63.95	28.01	169.02	-15.65	64.72	28.13	58.45
65.55	28.52	18.2	5	+	68.13	28.88	170.91	-12.35	68.91	28.98	155.37
66.3	28.52	16.8	5	+	68.88	28.87	171.36	-11.86	69.67	28.97	151.26
67.55	28.52	15.6	5	+	70.13	28.85	172.1	-11.03	70.92	28.94	147.54
69.4	28.92	39	1	+	71.99	29.22	172.86	-9.54	72.78	29.3	200.6
77.88	28.75	80	0.5	+	80.49	28.92	177.55	-3.75	81.29	28.97	255.16
78.8	29.07	72	0.5	+	81.42	29.22	177.76	-2.92	82.21	29.26	246.32
85.43	28.62	120	0.5	+	88.05	28.67	181.32	1.7	88.84	28.68	292.23
86.43	27.93	112	0.5	+	89.03	27.97	182.36	2.09	89.82	27.97	285.56
87.31	28.1	118	0.5	+	89.91	28.12	182.61	2.84	90.7	28.12	290.59
87.56	27.72	116	0.5	+	90.15	27.74	183.06	2.84	90.94	27.73	288.93
88.08	28.42	108	0.5	+	90.69	28.43	182.69	3.59	91.48	28.42	282.11
89.08	27.3	62	1	+	91.67	27.29	184.1	3.79	92.45	27.28	234.29
101.9	27.03	36	1	+	104.47	26.82	189.66	13.79	105.25	26.75	195.29
102.4	26.62	92	0.5	+	104.96	26.4	190.25	14.02	105.74	26.33	267.37
103.15	27.1	73	1	+	105.72	26.87	190.08	14.83	106.5	26.79	247.46
106.9	27.13	66	0.5	+	109.46	26.85	191.46	17.89	110.23	26.75	239.25
54.28	-11.57	7.1	10	+	56.24	-11.04	200.2	-45.65	56.84	-10.89	113.26
57.53	-11.58	8.8	10	+	59.48	-11.1	202.33	-42.86	60.07	-10.96	121.74
63.03	-11.58	7.3	10	+	64.97	-11.18	205.61	-38.08	65.56	-11.06	114.32
66.28	-11.58	7.7	10	+	68.22	-11.23	207.4	-35.24	68.81	-11.13	116.39
68.52	-11.63	8.4	10	+	70.45	-11.31	208.63	-33.3	71.04	-11.22	119.85
71.77	-11.63	10.7	10	+	73.7	-11.36	210.29	-30.44	74.29	-11.28	130
74.79	-11.62	10.6	10	+	76.72	-11.39	211.76	-27.77	77.31	-11.33	129.59
76.8	-11.6	13.5	10	+	78.73	-11.41	212.71	-26	79.31	-11.35	140.55
83.47	-11.62	10.3	10	+	85.4	-11.53	215.85	-20.13	85.98	-11.51	128.35
84.2	-10.55	4	1	+	86.14	-10.47	215.17	-19.02	86.73	-10.46	93.37
84.42	-11.15	2	1	+	86.35	-11.08	215.84	-19.09	86.94	-11.06	73.9
84.55	-12.72	20	1	+	86.45	-12.64	217.39	-19.67	87.03	-12.63	160.37
86.72	-11.62	12.2	10	+	88.64	-11.58	217.33	-17.28	89.23	-11.57	135.86
92.47	-11.62	21.1	10	+	94.39	-11.67	219.94	-12.24	94.98	-11.69	163.27
95.22	-11.62	41.8	5	+	97.14	-11.72	221.18	-9.83	97.73	-11.75	205.32
107.11	-11.53	37	1	+	109.04	-11.82	226.6	0.49	109.63	-11.91	197.1
110.61	-12.17	120	0.5	+	112.54	-12.5	228.84	3.16	113.12	-12.61	292.23
111.49	-11.97	96	0.5	+	113.42	-12.32	229.09	4	114	-12.43	271.21
111.86	-12.23	100	0.5	+	113.79	-12.59	229.51	4.19	114.37	-12.7	274.94
113.36	-12.55	46	1	+	115.29	-12.93	230.52	5.29	115.87	-13.05	212.01
113.86	-11.28	52	1	+	115.81	-11.67	229.68	6.36	116.39	-11.79	220.89
114.24	-12.03	58	1	+	116.17	-12.42	230.51	6.29	116.75	-12.55	229.12
116.36	-12.75	47	1	+	118.29	-13.17	232.21	7.7	118.87	-13.31	213.54
116.49	-12.67	56	1	+	118.41	-13.09	232.2	7.84	119	-13.22	226.44
119.11	-12.05	54	1	+	121.05	-12.51	233.04	10.35	121.64	-12.66	223.7
123.11	-11.55	38	1	+	125.07	-12.07	234.78	13.91	125.66	-12.23	198.86
59.07	-13.63	8.2	10	+	60.99	-13.17	205.75	-42.45	61.57	-13.04	118.88
74.81	-13.63	12.3	10	+	76.71	-13.41	213.84	-28.62	77.29	-13.34	136.23
51.52	-15.88	7.9	10	+	53.43	-15.32	204.1	-50.01	54	-15.16	117.4
59.52	-15.8	8.9	10	+	61.41	-15.35	208.67	-42.98	61.98	-15.21	122.2
66.27	-15.8	7.8	10	+	68.14	-15.44	212.12	-37.04	68.71	-15.34	116.9
73.07	-15.85	12.3	10	+	74.93	-15.6	215.36	-31.07	75.5	-15.53	136.23
79.57	-15.85	15.8	10	+	81.43	-15.7	218.25	-25.36	81.99	-15.66	148.17
82.28	-15.83	20.5	10	+	84.13	-15.72	219.41	-22.99	84.69	-15.7	161.7
86.53	-15.83	25.8	5	+	88.38	-15.79	221.25	-19.27	88.94	-15.79	174.66
92.81	-16.9	50	1	+	94.65	-16.96	224.95	-14.28	95.2	-16.98	218.01
93.06	-16.28	54	0.5	+	94.91	-16.35	224.49	-13.79	95.47	-16.37	223.7
93.44	-16.05	40	1	+	95.29	-16.12	224.44	-13.37	95.85	-16.15	202.31
94.56	-15.7	46	1	+	96.42	-15.79	224.6	-12.24	96.98	-15.82	212.01
95.81	-15.42	75	1	+	97.67	-15.52	224.89	-11.04	98.24	-15.56	249.7
98.56	-15.18	56	1	+	100.43	-15.33	225.9	-8.57	100.99	-15.39	226.44
101.9	27.03	36	1	+	104.47	26.82	189.66	13.79	105.25	26.75	195.29
102.4	26.62	92	0.5	+	104.96	26.4	190.25	14.02	105.74	26.33	267.37
103.15	27.1	73	1	+	105.72	26.87	190.08	14.83	106.5	26.79	247.46
106.9	27.13	66	0.5	+	109.46	26.85	191.46	17.89	110.23	26.75	239.25
54.28	-11.57	7.1	10	+	56.24	-11.04	200.2	-45.65	56.84	-10.89	113.26
57.53	-11.58	8.8	10	+	59.48	-11.1	202.33	-42.86	60.07	-10.96	121.74
63.03	-11.58	7.3	10	+	64.97	-11.18	205.61	-38.08	65.56	-11.06	114.32
66.28	-11.58	7.7	10	+	68.22	-11.23	207.4	-35.24	68.81	-11.13	116.39
68.52	-11.63	8.4	10	+	70.45	-11.31	208.63	-33.3	71.04	-11.22	119.85
71.77	-11.63	10.7	10	+	73.7	-11.36	210.29	-30.44	74.29	-11.28	130
74.79	-11.62	10.6	10	+	76.72	-11.39	211.76	-27.77	77.31	-11.33	129.59
76.8	-11.6	13.5	10	+	78.73	-11.41	212.71	-26	79.31	-11.35	140.55
83.47	-11.62	10.3	10	+	85.4	-11.53	215.85	-20.13	85.98	-11.51	128.35
84.2	-10.55	4	1	+	86.14	-10.47	215.17	-19.02	86.73	-10.46	93.37
84.42	-11.15	2	1	+	86.35	-11.08	215.84	-19.09	86.94	-11.06	73.9
84.55	-12.72	20	1	+	86.45	-12.64	217.39	-19.67	87.03	-12.63	160.37
86.72	-11.62	12.2	10	+	88.64	-11.58	217.33	-17.28	89.23	-11.57	135.86
92.47	-11.62	21.1	10	+	94.39	-11.67	219.94	-12.24	94.98	-11.69	163.27
95.22	-11.62	41.8	5	+	97.14	-11.72	221.18	-9.83	97.73	-11.75	205.32
107.11	-11.53	37	1	+	109.04	-11.82	226.6	0.49	109.63	-11.91	197.1
110.61	-12.17	120	0.5	+	112.54	-12.5	228.84	3.16	113.12	-12.61	292.23
111.49	-11.97	96	0.5	+	113.42	-12.32	229.09	4	114	-12.43	271.21
111.86	-12.23	100	0.5	+	113.79	-12.59	229.51	4.19	114.37	-12.7	274.94
113.36	-12.55	46	1	+	115.29	-12.93	230.52	5.29	115.87	-13.05	212.01
113.86	-11.28	52	1	+	115.81	-11.67	229.68	6.36	116.39	-11.79	220.89
114.24	-12.03	58	1	+	116.17	-12.42	230.51	6.29	116.75	-12.55	229.12
116.36	-12.75	47	1	+	118.29	-13.17	232.21	7.7	118.87	-13.31	213.54
116.49	-12.67	56	1	+	118.41	-13.09	232.2	7.84	119	-13.22	226.44
119.11	-12.05	54	1	+	121.05	-12.51	233.04	10.35	121.64	-12.66	223.7
123.11	-11.55	38	1	+	125.07	-12.07	234.78	13.91	125.66	-12.23	198.86
59.07	-13.63	8.2	10	+	60.99	-13.17	205.75	-42.45	61.57	-13.04	118.88
74.81	-13.63	12.3	10	+	76.71	-13.41	213.84	-28.62	77.29	-13.34	136.23
111.52	-15.88	7.9	10	+	113.38	-16.23	232.5	2.06	113.95	-16.35	117.4
59.52	-15.8	8.9	10	+	61.41	-15.35	208.67	-42.98	61.98	-15.21	122.2
66.27	-15.8	7.8	10	+	68.14	-15.44	212.12	-37.04	68.71	-15.34	116.9
73.07	-15.85	12.3	10	+	74.93	-15.6	215.36	-31.07	75.5	-15.53	136.23
79.57	-15.85	15.8	10	+	81.43	-15.7	218.25	-25.36	81.99	-15.66	148.17
82.28	-15.83	20.5	10	+	84.13	-15.72	219.41	-22.99	84.69	-15.7	161.7
86.53	-15.83	25.8	5	+	88.38	-15.79	221.25	-19.27	88.94	-15.79	174.66
92.81	-16.9	50	1	+	94.65	-16.96	224.95	-14.28	95.2	-16.98	218.01
93.06	-16.28	54	0.5	+	94.91	-16.35	224.49	-13.79	95.47	-16.37	223.7
93.44	-16.05	40	1	+	95.29	-16.12	224.44	-13.37	95.85	-16.15	202.31
94.56	-15.7	46	1	+	96.42	-15.79	224.6	-12.24	96.98	-15.82	212.01
95.81	-15.42	75	1	+	97.67	-15.52	224.89	-11.04	98.24	-15.56	249.7
98.56	-15.18	56	1	+	100.43	-15.33	225.9	-8.57	100.99	-15.39	226.44
108.56	-15.08	90	1	+	110.44	-15.39	230.39	-0.01	111.01	-15.49	265.41
112.56	-16.17	184	0.5	+	114.43	-16.53	233.25	2.78	114.99	-16.65	337.13
113.06	-15.1	212	0.25	+	114.95	-15.47	232.58	3.74	115.52	-15.59	353.48
116.31	-14.72	120	0.5	+	118.21	-15.14	233.88	6.63	118.78	-15.27	292.23
117.31	-16.65	216	0.5	+	119.18	-17.09	236.04	6.43	119.75	-17.22	355.69
130.81	-15	42	1	+	132.74	-15.61	242.2	18.06	133.32	-15.8	205.64
146.06	-15.82	16	1	+	148.03	-16.59	253.43	28.58	148.63	-16.82	148.8
72.45	-18.15	13.5	10	+	74.28	-17.89	217.58	-32.52	74.83	-17.81	140.55
78.38	-18.15	16.2	10	+	80.19	-17.98	220.09	-27.33	80.74	-17.93	149.42
86.89	-18.15	23.8	5	+	88.7	-18.11	223.64	-19.93	89.25	-18.11	170
90.64	-18.15	31.2	5	+	92.45	-18.17	225.2	-16.69	93	-18.19	186.15
92.74	-19.43	52	1	+	94.53	-19.49	227.29	-15.43	95.07	-19.51	220.89
93.99	-16.87	34	1	+	95.83	-16.95	225.43	-13.25	96.38	-16.97	191.59
94.24	-18.75	50	1	+	96.04	-18.83	227.28	-13.85	96.59	-18.86	218.01
95.88	-19.47	32	1	+	97.66	-19.58	228.63	-12.77	98.21	-19.61	187.74
96	-19.07	30	1	+	97.8	-19.18	228.32	-12.49	98.34	-19.22	183.72
96.13	-18.7	29	1	+	97.93	-18.81	228.03	-12.22	98.47	-18.85	181.64
96.25	-18.3	32	1	+	98.06	-18.41	227.72	-11.94	98.61	-18.45	187.74
96.5	-17.52	25	1	+	98.32	-17.64	227.11	-11.38	98.88	-17.68	172.83
96.63	-17.13	40	1	+	98.46	-17.25	226.81	-11.11	99.01	-17.3	202.31
100.62	-19.45	40	1	+	102.41	-19.63	230.64	-8.76	102.96	-19.69	202.31
100.75	-19.05	32	1	+	102.55	-19.24	230.34	-8.47	103.09	-19.3	187.74
100.83	-18.67	41	1	+	102.64	-18.85	230.03	-8.22	103.19	-18.92	203.99
101.07	-18.28	37	1	+	102.88	-18.47	229.79	-7.85	103.43	-18.54	197.1
143.17	-17.97	18	10	+	145.1	-18.71	252.93	25.1	145.69	-18.94	154.8
151.67	-17.97	17	10	+	153.64	-18.78	259.67	30.57	154.24	-19.03	151.86
171.42	-17.98	8.6	10	+	173.49	-18.89	279.5	40.27	174.12	-19.17	120.8
174.17	-17.98	5.9	10	+	176.26	-18.9	282.74	41.18	176.89	-19.18	106.42
189.17	-17.98	9.6	10	+	191.34	-18.89	301.81	43.7	192	-19.16	125.35
100.53	-13.12	100	0.5	+	102.43	-13.3	224.93	-5.92	103	-13.36	274.94
101.03	-13.48	116	0.5	+	102.92	-13.67	225.48	-5.66	103.49	-13.74	288.93
104.53	-14.3	136	0.5	+	106.41	-14.55	227.81	-3.05	106.98	-14.63	304.72
138.5	-13.87	19	5	+	140.46	-14.57	246.26	24.57	141.05	-14.78	157.63
143.82	-13.85	15.8	4	+	145.79	-14.6	250.11	28.42	146.39	-14.83	148.17
160.66	-14.8	8	1	+	162.69	-15.67	265.78	38.26	163.31	-15.94	117.9
164.92	-13.88	8.9	10	+	166.97	-14.77	269.71	41.22	167.6	-15.05	122.2
179.55	-13.87	10.3	10	+	181.66	-14.79	288.02	46.58	182.31	-15.06	128.35
196.39	-13.95	8.4	10	+	198.57	-14.83	312.04	47.33	199.24	-15.09	119.85
201.54	-13.88	6.9	10	+	203.74	-14.73	319.23	46.42	204.41	-14.99	112.18
206.55	-13.88	8.9	10	+	208.78	-14.7	325.88	44.95	209.45	-14.94	122.2
208.05	-13.88	10.2	10	+	210.28	-14.69	327.79	44.42	210.96	-14.93	127.93
210.8	-13.88	11.6	10	+	213.04	-14.66	331.18	43.35	213.72	-14.9	133.57
213.05	-13.85	10.3	10	+	215.29	-14.61	333.87	42.41	215.98	-14.84	128.35
217.55	-13.85	11.6	10	+	219.81	-14.57	338.92	40.24	220.5	-14.78	133.57
221.56	-13.88	12.7	10	+	223.83	-14.56	343.07	38.05	224.52	-14.76	137.7
229.74	25.15	9.9	10	+	231.52	24.57	37.48	54.73	232.07	24.39	126.65
87.66	25.52	152	0.25	+	90.21	25.53	185	1.79	90.98	25.53	316.27
92.9	25.25	104	0.5	+	95.44	25.18	187.58	5.77	96.21	25.15	278.57
95.53	24.4	140	0.25	+	98.05	24.29	189.46	7.47	98.82	24.25	307.69
99.78	23.95	94	0.5	+	102.29	23.77	191.65	10.72	103.05	23.71	269.3
100.59	25.65	96	0.5	+	103.13	25.46	190.43	12.13	103.9	25.4	271.21
110.06	23.88	48	0.5	+	112.55	23.55	195.8	19.23	113.3	23.44	215.05
110.19	24.35	54	0.5	+	112.68	24.01	195.39	19.52	113.44	23.91	223.7
88.9	26.5	160	0.5	+	91.47	26.5	184.71	3.25	92.25	26.49	321.74
98	-7.43	60	1	+	99.99	-7.58	218.71	-5.47	100.59	-7.63	231.73
99.75	-8.58	136	0.25	+	101.72	-8.75	220.55	-4.48	102.32	-8.81	304.72
99.87	-7.77	136	0.5	+	101.86	-7.94	219.88	-3.99	102.46	-8	304.72
101.25	-8.23	120	0.5	+	103.23	-8.43	220.94	-3.01	103.83	-8.49	292.23
105.25	-7.52	128	0.25	+	107.24	-7.77	222.19	0.82	107.84	-7.86	298.6
105.5	-7.08	184	0.25	+	107.5	-7.34	221.93	1.24	108.1	-7.43	337.13
107	-6.82	132	0.5	+	109	-7.1	222.42	2.68	109.61	-7.19	301.69
109.12	-8.08	160	0.25	+	111.11	-8.4	224.55	3.9	111.71	-8.5	321.74
98.3	-4.93	216	0.25	+	100.34	-5.08	216.64	-4.03	100.95	-5.13	355.69
143.36	-5.08	14.3	10	+	145.42	-5.83	242.08	33.89	146.05	-6.06	143.3
155.37	-5.15	9.6	10	+	157.44	-5.99	252.53	42.61	158.07	-6.25	125.35
165.99	-5.15	9.6	10	+	168.08	-6.05	264.46	49.2	168.72	-6.32	125.35
177.68	-5.12	9.6	10	+	179.79	-6.04	281.33	54.46	180.43	-6.31	125.35
185.93	-5.12	7.3	10	+	188.05	-6.03	295.45	56.32	188.69	-6.3	114.32
202.87	-5.63	7.6	10	+	205.02	-6.47	324.91	53.94	205.68	-6.72	115.88
221.31	-5.6	12.6	10	+	223.48	-6.28	349.55	44.77	224.15	-6.48	137.33
98.56	-23.6	40	1	+	100.27	-23.75	233.56	-12.32	100.79	-23.8	202.31
99.38	-24.45	33	1	+	101.08	-24.61	234.67	-12.01	101.6	-24.67	189.68
100.06	-24.08	46	1	+	101.77	-24.26	234.61	-11.3	102.28	-24.32	212.01
101.93	-23.67	42	1	+	103.65	-23.87	235.01	-9.58	104.17	-23.94	205.64
102.54	-23.78	59	1	+	104.25	-24	235.37	-9.14	104.77	-24.07	230.43
105.44	-24.2	46	1	+	107.15	-24.46	236.98	-6.98	107.67	-24.54	212.01
107.19	-25.47	73	1	+	108.88	-25.75	238.86	-6.18	109.39	-25.84	247.46
108.19	-25.5	150	0.5	+	109.88	-25.8	239.32	-5.4	110.4	-25.9	314.87
110.8	-24.67	78	1	+	112.52	-25.01	239.76	-2.93	113.04	-25.11	253
112.93	-25.05	184	0.25	+	114.65	-25.42	241.07	-1.46	115.17	-25.54	337.13
114.8	-24.87	212	0.25	+	116.53	-25.26	241.79	0.09	117.05	-25.39	353.48
115.68	-24.58	232	0.25	+	117.41	-24.99	241.97	0.92	117.94	-25.12	364.29
119.42	-25.8	200	0.25	+	121.15	-26.26	244.82	3.11	121.67	-26.41	346.66
120.92	-24.25	108	0.25	+	122.68	-24.73	244.29	5.1	123.21	-24.89	282.11
121.55	-25.35	86	0.5	+	123.29	-25.84	245.53	4.95	123.81	-26	261.41
123.67	-25.27	58	1	+	125.42	-25.79	246.57	6.57	125.95	-25.95	229.12
164.03	-20.37	9.9	10	+	166.05	-21.25	272.79	35.14	166.67	-21.53	126.65
168.22	-20.37	10.5	10	+	170.26	-21.27	277.14	36.89	170.89	-21.54	129.18
184.82	-20.37	7.9	10	+	186.96	-21.28	296.46	41.05	187.62	-21.56	117.4
192.02	-20.38	8.3	11	+	194.21	-21.28	305.43	41.28	194.88	-21.55	119.37
206.27	-20.38	10.3	10	+	208.54	-21.2	322.64	38.91	209.24	-21.44	128.35
212.02	-20.38	9.4	10	+	214.32	-21.15	329.02	36.96	215.03	-21.38	124.46
102.65	25.02	44	1	+	105.18	24.8	191.84	13.54	105.94	24.72	208.87
106.12	27.73	36	1	+	108.69	27.46	190.59	17.49	109.47	27.37	195.29
103.64	26.92	17.8	10	+	106.2	26.68	190.44	15.14	106.97	26.6	154.22
125.9	26.87	14.7	10	+	128.37	26.31	198.25	33.67	129.12	26.14	144.63
110.62	28.08	32	1	+	113.18	27.74	191.86	21.3	113.96	27.63	187.74
110.75	28.65	30	1	+	113.32	28.31	191.34	21.61	114.1	28.19	183.72
110.91	29.18	22	1	+	113.5	28.84	190.86	21.94	114.28	28.72	165.58
114.91	28.27	39	1	+	117.46	27.86	193.14	24.9	118.23	27.73	200.6
115.66	29.2	23.4	5	+	118.23	28.78	192.42	25.84	119	28.65	169.04
133.3	29.27	13.8	10	+	135.77	28.62	197.55	40.6	136.52	28.42	141.59
144.67	29.28	9.2	10	+	147.07	28.52	200.43	50.32	147.79	28.29	123.57
116.33	31.03	25	1	+	118.93	30.61	190.69	26.98	119.72	30.47	172.83
144.18	31.32	8.7	10	+	146.61	30.56	197.19	50.22	147.34	30.33	121.27
146.91	31.37	8	10	+	149.32	30.59	197.58	52.54	150.04	30.35	117.9
152.91	31.37	6.6	10	+	155.27	30.54	198.45	57.63	155.97	30.29	110.51
158.04	31.37	5.5	10	+	160.35	30.51	198.93	62	161.04	30.24	103.94
200.23	31.35	7.7	10	+	202.14	30.49	55.02	80.82	202.72	30.24	116.39
231.43	33.28	9.2	10	+	233.07	32.72	51.77	54.49	233.57	32.55	123.57
234.68	33.28	12.5	10	+	236.3	32.76	52.09	51.78	236.79	32.61	136.97
238.58	33.35	12.9	10	+	240.18	32.88	52.69	48.54	240.66	32.74	138.42
211.95	73.68	11.6	5	+	212.43	72.91	115	43.22	212.59	72.67	133.57
233.48	73.7	10.1	10	+	233.12	73.15	108.79	39.42	233.03	72.98	127.5
240.11	73.7	15.5	10	+	239.54	73.24	107.42	37.9	239.39	73.1	147.22
152.83	73.93	11.2	10	+	156.28	73.1	135.97	40.48	157.28	72.85	132.01
161.83	73.93	10	10	+	164.83	73.05	133.42	42.06	165.7	72.78	127.08
170.83	73.93	11.2	10	+	173.37	73.02	130.46	43.27	174.11	72.75	132.01
203.12	73.9	9.3	10	+	203.99	73.06	118.28	43.91	204.26	72.8	124.02
236.52	75.8	13.9	10	+	235.67	75.29	110.29	37.51	235.44	75.13	141.94
154.62	27.02	8.3	10	+	156.92	26.18	206.98	58.54	157.61	25.92	119.37
169.07	27	6.6	10	+	171.26	26.09	212.17	71.23	171.92	25.82	110.51
178.3	27.03	4.3	10	+	180.42	26.11	217.24	79.36	181.06	25.84	95.67
181.3	27.03	5.3	10	+	183.39	26.11	220.21	81.99	184.03	25.84	102.65
197.33	27.02	5.3	10	+	199.3	26.14	23.31	83.59	199.89	25.88	102.65
206.83	27.02	5.4	10	+	208.73	26.2	32.12	75.26	209.3	25.96	103.3
199.18	29.22	5.6	10	+	201.12	28.35	42	82.11	201.7	28.09	104.57
199.43	29.22	6.6	10	+	201.37	28.36	41.88	81.89	201.95	28.1	110.51
223.91	29.23	7	10	+	225.67	28.58	43.25	60.56	226.2	28.39	112.72
202.34	22.63	5.4	10	+	204.31	21.79	8.51	77.7	204.9	21.54	103.3
207.6	22.58	5	10	+	209.53	21.78	17.07	73.33	210.11	21.53	100.66
211.38	22.63	5.8	10	+	213.29	21.86	21.44	70.12	213.87	21.62	105.81
221.33	22.78	6.5	10	+	223.19	22.1	29.2	61.48	223.75	21.9	109.95
231.7	-1.53	7.1	10	+	233.83	-2.09	3.43	40.31	234.48	-2.25	113.26
238.92	-1.57	11.9	10	+	241.05	-2.03	9.03	34.62	241.7	-2.16	134.72
240.17	-1.55	16.2	10	+	242.31	-1.99	9.94	33.62	242.96	-2.12	149.42
196.32	21	6.4	10	+	198.33	20.12	341.66	80.84	198.93	19.86	109.37
197.32	21	4.6	10	+	199.32	20.13	346.15	80.27	199.93	19.87	97.87
221.12	36.82	9	10	+	222.77	36.13	59.37	62.75	223.28	35.93	122.66
224.74	36.82	7.2	10	+	226.37	36.17	58.55	59.88	226.86	35.98	113.79
236.78	36.8	9.3	10	+	238.31	36.31	57.82	50.26	238.78	36.16	124.02
192.22	34.75	6.4	10	+	194.19	33.86	109.02	83.33	194.78	33.59	109.37
231.6	34.8	7	10	+	233.21	34.24	54.39	54.41	233.7	34.07	112.72
243.77	2.68	17.9	9	+	245.85	2.29	16.55	33.02	246.48	2.18	154.51
232.17	2.6	15	10	+	234.25	2.05	8.13	42.51	234.89	1.89	145.61
233.92	2.6	14.2	10	+	236	2.07	9.53	41.11	236.63	1.92	142.96
234.92	2.6	14.5	10	+	237	2.09	10.3	40.3	237.63	1.94	143.97
245.67	2.62	11.8	10	+	247.74	2.25	17.68	31.38	248.37	2.15	134.34
301.6	22.52	93	1	+	303.39	23.01	63.21	-6.59	303.93	23.16	268.34
283.73	2.52	90	1	+	285.8	2.75	37.08	-1.89	286.43	2.83	265.41
289.59	2.93	150	1	+	291.65	3.26	40.26	-6.82	292.28	3.36	314.87
303.02	1.93	46	1	+	305.1	2.45	46.23	-18.96	305.73	2.61	212.01
303.4	2.93	41.4	5	+	305.47	3.45	47.34	-18.76	306.09	3.62	204.66
285.6	-28.35	26.2	5	+	288.18	-28.08	9.81	-17.31	288.96	-27.99	175.57
298.85	-28.4	10.5	10	+	301.39	-27.94	14.29	-28.21	302.15	-27.79	129.18
306.84	-28.35	10.9	10	+	309.34	-27.78	16.83	-34.9	310.09	-27.61	130.81
310.59	-28.35	6.9	10	+	313.06	-27.74	17.94	-38.08	313.81	-27.55	112.18
315.59	-28.33	6.5	10	+	318.03	-27.66	19.4	-42.33	318.77	-27.46	109.95
318.05	10.1	28	1	+	320.06	10.79	62.74	-26.64	320.66	11.01	179.52
299.99	5.48	92	0.5	+	302.02	5.96	47.78	-14.53	302.64	6.11	267.37
304.11	4.97	45	1	+	306.16	5.5	49.56	-18.3	306.77	5.66	210.45
305.24	4.33	67	1	+	307.29	4.88	49.63	-19.59	307.91	5.05	240.45
305.36	4.52	50	1	+	307.41	5.06	49.86	-19.6	308.03	5.23	218.01
305.66	4.92	48	1	+	307.7	5.47	50.39	-19.63	308.32	5.64	215.05
305.92	5.32	52	1	+	307.96	5.87	50.89	-19.64	308.57	6.04	220.89
306.2	5.73	40	1	+	308.24	6.29	51.43	-19.65	308.85	6.46	202.31
306.44	6.13	43	1	+	308.47	6.69	51.92	-19.63	309.09	6.87	207.27
335.01	-0.7	9.2	10	+	337.13	0.14	66.35	-46.47	337.77	0.4	123.57
337.14	-0.7	9.2	10	+	339.25	0.15	68.49	-48.02	339.89	0.41	123.57
288.82	3.02	220	0.25	+	290.89	3.33	39.96	-6.1	291.51	3.43	357.88
291.38	3.55	172	0.25	+	293.44	3.9	41.68	-8.08	294.06	4.01	329.61
294.63	2.63	144	0.25	+	296.7	3.03	42.49	-11.36	297.33	3.16	310.6
315.4	3.32	18.2	10	+	317.48	3.98	54.83	-28.61	318.1	4.19	155.37
333.13	3.3	10.7	10	+	335.22	4.13	68.62	-42.36	335.85	4.38	130
349.4	3.32	5	10	+	351.5	4.22	87.45	-52.57	352.14	4.5	100.66
304.85	-30.48	7.2	10	+	307.4	-29.94	13.77	-33.82	308.17	-29.77	113.79
313.35	-30.48	4.3	10	+	315.85	-29.84	16	-40.93	316.6	-29.64	95.67
322.6	-30.48	4.5	10	+	325.03	-29.74	18.14	-48.75	325.76	-29.51	97.15
338.64	-30.52	2.9	10	+	340.94	-29.65	20.81	-62.48	341.63	-29.39	83.78
349.12	-30.5	2.3	10	+	351.32	-29.59	21.24	-71.5	351.98	-29.32	77.47
354.37	-30.5	2.4	10	+	356.52	-29.58	20.31	-76.02	357.17	-29.31	78.59
7.62	-30.5	1.5	10	+	9.65	-29.59	348.6	-86.83	10.26	-29.32	67.05
310.56	-4.43	18.4	5	+	312.72	-3.82	44.42	-28.68	313.38	-3.63	155.94
353.67	-6.35	3.4	10	+	355.79	-5.43	84.55	-63.02	356.43	-5.16	88.39
350.53	-20.3	5.6	10	+	352.69	-19.39	52.89	-70.38	353.34	-19.11	104.57
357.28	-20.3	3.9	10	+	359.4	-19.38	64.51	-75.75	0.04	-19.1	92.58
337.81	-2.33	7.8	10	+	339.93	-1.48	67.4	-49.63	340.57	-1.21	116.9
341.31	-2.33	7.2	10	+	343.43	-1.46	71.3	-52.12	344.08	-1.19	113.79
0.58	-15.08	6.3	10	+	2.68	-14.16	87.12	-74.04	3.32	-13.89	108.8
3.33	-15.08	4.7	10	+	5.42	-14.17	95.95	-75.32	6.06	-13.89	98.58
31.47	-15.07	4.5	10	+	33.45	-14.29	183.71	-66.3	34.06	-14.06	97.15
35.27	-18.28	4.8	10	+	37.21	-17.54	195.06	-64.98	37.79	-17.32	99.28
85.3	-29	8.1	10	+	86.91	-28.94	233.94	-25.36	87.4	-28.92	118.39
343.58	1.42	7.1	10	+	345.69	2.3	78.01	-50.8	346.33	2.57	113.26
2.82	1.32	5.6	10	+	4.93	2.23	108.46	-59.54	5.58	2.51	104.57
34.84	1.37	7.5	10	+	36.97	2.11	165.85	-52.09	37.61	2.33	115.37
328.22	-25	5.8	10	+	330.54	-24.21	28.22	-52.49	331.24	-23.97	105.81
330.97	-25	5.8	10	+	333.28	-24.19	29.27	-54.9	333.97	-23.94	105.81
338.97	-25.03	4.9	10	+	341.22	-24.17	32.55	-61.95	341.9	-23.91	99.97
344.22	-25.03	2.8	10	+	346.44	-24.14	35.15	-66.57	347.1	-23.87	82.79
347.47	-25.03	3.5	10	+	349.66	-24.13	37.04	-69.43	350.32	-23.86	89.26
357.47	-25.03	4	10	+	359.59	-24.11	46.25	-78.14	0.23	-23.84	93.37
2.22	-25.03	2.3	10	+	4.3	-24.12	55.89	-82.13	4.94	-23.84	77.47
18.97	-25	3.6	10	+	20.94	-24.14	192.28	-81.53	21.53	-23.88	90.11
23.72	-25	3.6	10	+	25.65	-24.16	200.99	-77.51	26.24	-23.91	90.11
49.47	-27.1	3.6	10	+	51.22	-26.51	220.71	-55.39	51.75	-26.34	90.11
327.2	-27	6.2	10	+	329.55	-26.22	24.7	-52.06	330.26	-25.98	108.21
339.93	-27.03	3.3	10	+	342.19	-26.16	28.68	-63.2	342.87	-25.9	87.51
353.18	-27.05	4.8	10	+	355.34	-26.14	33.92	-74.86	355.99	-25.86	99.28
16.68	-27.03	2.5	10	+	18.65	-26.16	202.19	-84.15	19.25	-25.89	79.68
353.51	-0.65	7.2	10	+	355.62	0.27	90.27	-58.06	356.27	0.54	113.79
1.05	-0.65	5.5	10	+	3.17	0.27	104	-60.99	3.81	0.55	103.94
351.18	-2.5	6.3	10	+	353.3	-1.59	84.65	-58.44	353.94	-1.31	108.8
26.53	-6.2	3.5	2	+	28.59	-5.39	161.18	-63.05	29.22	-5.14	89.26
7.1	9.87	7.1	10	+	9.24	10.78	118.22	-51.71	9.89	11.05	113.26
345.62	-13.28	6.1	10	+	347.78	-12.39	61.39	-62.62	348.43	-12.12	107.62
348.38	-13.28	5.3	10	+	350.53	-12.38	65.16	-64.73	351.18	-12.1	102.65
37.82	-13.27	6.6	10	+	39.8	-12.55	188.54	-60.27	40.4	-12.34	110.51
48.42	-13.27	6	10	+	50.37	-12.67	198.26	-51.48	50.96	-12.49	107.03
344.09	-11.35	6.3	10	+	346.25	-10.46	62.66	-60.25	346.9	-10.19	108.8
356.81	-11.35	6	10	+	358.93	-10.43	83.99	-68.9	359.57	-10.15	107.03
16.09	-11.4	6.1	10	+	18.15	-10.52	142.34	-72.23	18.78	-10.26	107.62
17.46	18.48	11.2	10	+	19.67	19.35	132.54	-42.7	20.35	19.62	132.01
33.01	18.52	6.9	10	+	35.3	19.28	151.07	-38.26	35.99	19.5	112.18
67.86	18.52	14.3	10	+	70.27	18.85	180.19	-17.24	71	18.94	143.3
71.18	18.52	22.8	5	+	73.59	18.79	182.21	-14.77	74.32	18.87	167.57
83.09	23.9	66	1	+	85.61	23.99	184.19	-2.59	86.37	24.01	239.25
95.38	26.22	88	0.5	+	99.41	26.03	188.44	9.35	100.19	25.98	263.42
87.18	8.3	120	0.5	+	89.43	8.33	199.61	-7.37	90.11	8.33	292.23
90.72	8.37	136	0.5	+	92.96	8.34	201.3	-4.3	93.65	8.32	304.72
93.09	8.22	200	0.25	+	95.34	8.15	202.58	-2.32	96.02	8.12	346.66
135.73	8.72	12.3	10	+	137.93	8.05	222.98	35.25	138.6	7.84	136.23
169.48	8.82	6.3	10	+	171.61	7.91	254.09	62.41	172.26	7.63	108.8
20.42	-16.78	6.4	10	+	22.43	-15.93	164.53	-75.15	23.04	-15.67	109.37
70.38	-26.77	5.5	10	+	72.05	-26.47	226.69	-37.22	72.56	-26.39	103.94
80.88	-26.82	11.6	10	+	82.53	-26.68	230.17	-28.32	83.03	-26.65	133.57
140.62	-27.78	14.8	10	+	142.43	-28.5	258.56	16.48	142.98	-28.72	144.96
154.48	-27.8	9.9	10	+	156.38	-28.64	268.66	24.26	156.96	-28.89	126.65
102.95	-0.98	180	0.33	+	105.04	-1.21	215.36	1.92	105.68	-1.28	334.66
103.15	-1.73	192	0.25	+	105.24	-1.96	216.12	1.75	105.87	-2.03	341.96
171.52	35.63	5.6	10	+	173.72	34.72	183.63	72.55	174.38	34.44	104.57
68.9	5.47	22.6	5	+	71.1	5.78	192.03	-24.24	71.77	5.87	167.08
251.83	67.03	15.8	10	+	251.89	66.75	97.8	36.87	251.92	66.66	148.17
255.26	66.08	18.6	5	+	255.38	65.85	96.28	35.74	255.42	65.78	156.51
106.68	1.2	160	0.25	+	108.8	0.92	215.21	6.24	109.45	0.83	321.74
112.17	-7.9	104	0.5	+	114.16	-8.26	225.89	6.61	114.76	-8.38	278.57
114.88	-8.13	92	0.5	+	116.87	-8.53	227.45	8.82	117.47	-8.66	267.37
117.73	-7.05	45	1	+	119.74	-7.49	227.97	11.8	120.35	-7.63	210.45
197.62	4.12	6.8	10	+	199.71	3.25	320.74	64.82	200.35	2.98	111.63
208.5	4.12	8.3	10	+	210.58	3.32	342.22	60.22	211.22	3.08	119.37
250.15	-29.02	27.6	10	+	252.74	-29.31	353.2	8.98	253.53	-29.39	178.66
250.38	6.02	19.1	10	+	252.41	5.72	23.83	29.05	253.02	5.64	157.91
230.65	0.47	11.4	10	+	232.76	-0.1	4.58	42.39	233.4	-0.27	132.8
261.89	-19.78	0	1	+	264.33	-19.89	7.06	5.76	265.07	-19.92	-1
261.97	-20.67	34	1	+	264.43	-20.78	6.36	5.21	265.17	-20.8	191.59
298.69	10.12	252	0.25	+	300.65	10.57	51.15	-11.02	301.25	10.71	374.5
310.18	35.45	320	0.25	+	311.8	36.05	78.11	-4.77	312.29	36.24	405.62
318.19	37.47	272	0.25	+	319.84	38.16	83.99	-8.13	320.34	38.37	384.18
313.93	37.73	220	0.25	+	315.53	38.38	81.82	-5.52	316.01	38.58	357.88
328.8	23.43	46	1	+	330.71	24.23	81.29	-24.65	331.29	24.47	212.01
15.68	26.58	14.8	10	+	17.92	27.46	129.14	-34.87	18.61	27.73	144.96
34.39	26.57	13.2	10	+	36.77	27.31	148.32	-30.43	37.5	27.54	139.5
103.65	-5.03	232	0.25	+	105.68	-5.27	219.25	0.61	106.29	-5.34	364.29
184.71	-21.88	5	10	+	186.86	-22.8	296.56	39.53	187.52	-23.07	100.66
111.33	3.82	11.2	0.25	+	113.5	3.47	215.1	11.57	114.15	3.35	132.01
111.7	2.45	52	0.5	+	113.85	2.09	216.51	11.26	114.5	1.98	220.89
112.08	3.63	48	0.5	+	114.24	3.27	215.63	12.15	114.9	3.16	215.05
91.1	0.63	104	0.25	+	93.22	0.6	208.28	-7.73	93.86	0.58	278.57
100.26	1.48	116	0.5	+	102.39	1.3	211.91	0.73	103.04	1.24	288.93
49.7	14.7	9.2	10	+	52	15.28	170	-32.49	52.7	15.45	123.57
53.08	14.7	7.5	10	+	55.39	15.24	172.81	-30.27	56.09	15.39	115.37
56.83	14.7	8.7	10	+	59.15	15.19	175.74	-27.71	59.85	15.33	121.27
59.45	14.7	6.1	10	+	61.78	15.15	177.67	-25.85	62.48	15.28	107.62
185.33	-29.55	9.4	10	+	187.5	-30.46	298.17	31.96	188.16	-30.74	124.46
241.96	-31.58	13.6	10	+	244.58	-32	346.44	12.49	245.38	-32.11	140.9
238.65	39.17	16.7	10	+	240.13	38.7	61.49	48.8	240.57	38.56	150.95
145.75	41.43	10.4	10	+	148.3	40.66	181.14	51.69	149.06	40.42	128.76
158.2	41.45	7	10	+	160.59	40.59	177.9	60.84	161.31	40.33	112.72
213.18	33.27	10	10	+	214.96	32.51	53.09	69.72	215.5	32.28	127.08
206.41	50.68	8.4	10	+	208.01	49.87	99	64.5	208.5	49.62	119.85
333.04	77.98	20.3	10	+	333.12	78.8	115.57	18.52	333.12	79.05	161.17
327.08	51.93	280	0.25	+	328.56	52.71	98.26	-1.31	329.01	52.95	387.92
327.71	51.85	336	0.25	+	329.2	52.63	98.51	-1.6	329.65	52.87	412.29
133.67	50.18	12.6	10	+	136.55	49.53	169.59	42.44	137.41	49.33	137.33
189.12	50.2	8	10	+	191.04	49.29	125.11	68.09	191.62	49.02	117.9
210.18	-17.87	10.8	10	+	212.45	-18.65	328.27	39.96	213.15	-18.89	130.41
34.3	45.37	60	0.5	+	36.96	46.11	140.31	-13.15	37.78	46.33	231.73
34.55	45.02	72	0.5	+	37.21	45.76	140.62	-13.41	38.02	45.98	246.32
34.88	45.05	68	0.5	+	37.55	45.79	140.83	-13.29	38.36	46.01	241.65
322.2	48.93	360	0.25	+	323.67	49.67	93.95	-1.68	324.12	49.89	421.9
313.23	50.18	15	1	+	314.54	50.82	90.66	3.28	314.93	51.02	145.61
313.31	51.1	41	1	+	314.6	51.74	91.37	3.85	314.98	51.93	203.99
313.73	49.67	17	1	+	315.06	50.31	90.5	2.69	315.46	50.51	151.86
314.88	46.18	380	0.25	+	316.32	46.84	88.48	-0.26	316.75	47.04	429.6
315.63	46.32	280	0.25	+	317.07	46.98	88.94	-0.54	317.51	47.19	387.92
104.37	-17.53	100	0.25	+	106.2	-17.78	230.59	-4.72	106.76	-17.85	274.94
104.73	-17.45	128	0.25	+	106.56	-17.7	230.68	-4.38	107.11	-17.78	298.6
128.73	-15.73	38	1	+	130.63	-16.32	241.55	16.01	131.21	-16.5	198.86
129.09	-17.17	43	1	+	130.98	-17.76	242.97	15.43	131.56	-17.94	207.27
130.48	-17.17	43	1	+	132.37	-17.77	243.8	16.49	132.94	-17.96	207.27
130.85	-17.4	26	1	+	132.74	-18.01	244.22	16.63	133.32	-18.2	175.12
130.98	-18	15	1	+	132.86	-18.61	244.79	16.35	133.43	-18.8	145.61
131.16	-17.22	16	1	+	133.06	-17.83	244.26	16.97	133.63	-18.02	148.8
131.98	-17.7	14.2	10	+	133.87	-18.33	245.16	17.29	134.44	-18.52	142.96
133.98	-17.7	11.6	10	+	135.88	-18.35	246.41	18.77	136.45	-18.55	133.57
297.48	42.95	240	0.25	+	298.84	43.38	78.36	7.58	299.25	43.52	368.44
298.23	41.93	264	0.2	+	299.62	42.38	77.79	6.57	300.04	42.52	380.37
313.22	23.25	184	0.25	+	315.04	23.89	70.39	-14.67	315.59	24.09	337.13
307.74	45.08	172	0.25	+	309.12	45.65	84.37	2.79	309.54	45.83	329.61
307.99	46.13	232	0.25	+	309.35	46.71	85.31	3.3	309.76	46.88	364.29
261.74	34.42	41.2	5	+	263.23	34.3	58.73	29.89	263.68	34.26	204.32
318.45	7.83	40	1	+	320.48	8.53	61.02	-28.36	321.09	8.75	202.31
293.52	17.82	360	0.25	+	295.36	18.2	55.14	-2.73	295.92	18.32	421.9
293.85	14.92	600	0.25	+	295.73	15.3	52.81	-4.49	296.3	15.42	500.41
298.33	15.82	440	0.25	+	300.21	16.27	55.86	-7.7	300.79	16.41	451.16
301.33	17.1	360	0.25	+	303.2	17.59	58.53	-9.41	303.77	17.74	421.9
304.08	16.92	260	0.5	+	305.96	17.44	59.88	-11.69	306.53	17.61	378.43
295.48	37.57	480	0.25	+	296.95	37.97	72.93	6.06	297.4	38.1	464.47
296.48	37.52	612	0.25	+	297.95	37.94	73.31	5.36	298.4	38.07	503.73
159.22	66.33	18.2	10	+	162.02	65.47	141.02	47.49	162.84	65.2	155.37
264.26	-13.18	60	1	+	266.59	-13.26	13.9	7.34	267.29	-13.27	231.73
304.08	-8.27	80	0.5	+	306.29	-7.74	37.19	-24.86	306.96	-7.57	255.16
234	76.73	14.8	10	+	233.04	76.19	111.68	37.4	232.79	76.02	144.96
219.5	76.6	17.2	10	+	219.23	75.89	114.73	39.73	219.18	75.67	152.46
296.56	59.62	112	0.5	+	297.26	60.03	92.79	16.49	297.48	60.16	285.56
310.17	69.43	48	1	+	310.38	70.03	104.66	16.83	310.44	70.21	215.05
320.17	68.22	32	1	+	320.79	68.93	106.2	13.33	320.98	69.14	187.74
4.49	74.47	96	1	+	6.94	75.38	121.63	12.84	7.72	75.66	271.21
134.55	80.9	65	1	+	140.4	80.22	132.18	33.14	142.04	80.01	238.03
147.55	80.87	25	1	+	152.4	80.07	130.73	34.81	153.75	79.82	172.83
241.34	-19.42	0	1	+	243.74	-19.84	355.21	21.33	244.48	-19.96	-1
241.59	-19.33	0	1	+	243.99	-19.75	355.44	21.21	244.73	-19.87	-1
241.63	-19.52	0	1	+	244.04	-19.94	355.33	21.06	244.77	-20.06	-1
241.84	-19.82	0	1	+	244.25	-20.23	355.23	20.71	244.99	-20.35	-1
241.93	-19.2	0	1	+	244.33	-19.62	355.78	21.07	245.06	-19.73	-1
242.97	-20.28	0	1	+	245.39	-20.68	355.62	19.62	246.12	-20.8	-1
243.09	-19.18	0	1	+	245.5	-19.58	356.58	20.26	246.23	-19.7	-1
243.17	-20.42	0	1	+	245.59	-20.81	355.65	19.39	246.33	-20.93	-1
243.25	-21.48	2	1	+	245.69	-21.88	354.86	18.62	246.44	-21.99	73.9
64.4	24.52	0	1	+	66.9	24.9	173.25	-15.79	67.66	25	-1
64.63	24.55	0	1	+	67.12	24.93	173.37	-15.62	67.88	25.03	-1
64.82	24.52	0	1	+	67.32	24.89	173.52	-15.51	68.08	25	-1
65.4	25.48	0	1	+	67.91	25.85	173.13	-14.48	68.68	25.95	-1
65.61	25.63	0	1	+	68.13	25.99	173.15	-14.24	68.9	26.1	-1
65.97	25.93	0	1	+	68.5	26.29	173.14	-13.79	69.27	26.39	-1
66.86	24.93	0	1	+	69.37	25.28	174.46	-13.85	70.13	25.37	-1
66.78	25.83	0	1	+	69.3	26.18	173.71	-13.32	70.07	26.27	-1
67.35	24.75	0	1	+	69.86	25.09	174.9	-13.63	70.62	25.18	-1
67.73	24.73	0	1	+	70.24	25.06	175.14	-13.38	71	25.16	-1
69.46	24.73	0	1	+	71.98	25.04	176.17	-12.17	72.74	25.12	-1
83.07	-8.5	0	1	+	85.04	-8.4	212.7	-19.09	85.64	-8.38	-1
83.18	-10.35	0	1	+	85.12	-10.26	214.5	-19.83	85.71	-10.23	-1
83.27	-9.55	0	1	+	85.23	-9.46	213.79	-19.39	85.82	-9.44	-1
83.67	-10.65	0	1	+	85.61	-10.56	215.02	-19.53	86.2	-10.54	-1
242.22	-23.3	0	1	+	244.69	-23.71	352.77	18.09	245.44	-23.83	-1
242.3	-22.42	0	1	+	244.75	-22.83	353.51	18.64	245.5	-22.94	-1
242.98	-22.88	0	1	+	245.45	-23.28	353.6	17.86	246.2	-23.4	-1
244.03	-22.6	0	1	+	246.5	-22.98	354.5	17.33	247.25	-23.09	-1
244.28	-22.6	0	1	+	246.74	-22.98	354.66	17.16	247.49	-23.09	-1
244.28	-22.62	0	1	+	246.74	-23	354.65	17.15	247.49	-23.11	-1
244.6	-22.45	0	1	+	247.07	-22.83	354.99	17.04	247.82	-22.93	-1
245.13	-22.9	0	1	+	247.6	-23.27	354.97	16.37	248.36	-23.37	-1
245.13	-22.9	0	1	+	247.6	-23.27	354.97	16.37	248.36	-23.37	-1
61.51	26.5	0	1	+	64.04	26.92	169.89	-16.34	64.8	27.04	-1
62.07	26.47	0	1	+	64.59	26.88	170.27	-16.01	65.36	27	-1
62.38	26.23	0	1	+	64.9	26.64	170.65	-15.97	65.67	26.76	-1
62.45	26.87	1	1	+	64.98	27.27	170.22	-15.49	65.75	27.39	58.45
62.65	25.95	2	1	+	65.16	26.35	171.04	-15.99	65.93	26.47	73.9
62.68	26.1	0	1	+	65.2	26.5	170.95	-15.86	65.97	26.62	-1
62.75	27.15	0	1	+	65.29	27.55	170.2	-15.09	66.06	27.67	-1
62.88	27.35	1	1	+	65.42	27.75	170.13	-14.87	66.2	27.86	58.45
63.17	26.53	0	1	+	65.7	26.93	170.93	-15.25	66.47	27.04	-1
63.24	26.87	0	1	+	65.78	27.26	170.73	-14.97	66.55	27.37	-1
64	26.32	0	1	+	66.53	26.7	171.62	-14.85	67.3	26.81	-1
64.06	26.67	0	1	+	66.6	27.05	171.39	-14.57	67.37	27.16	-1
64.68	26.73	0	1	+	67.22	27.11	171.73	-14.12	67.99	27.21	-1
64.77	25.52	0	1	+	67.28	25.89	172.71	-14.88	68.05	26	-1
65.11	26.5	0	1	+	67.65	26.87	172.17	-13.99	68.42	26.97	-1
65.19	25.5	0	1	+	67.71	25.87	172.99	-14.61	68.47	25.97	-1
66.21	26.32	0	1	+	68.74	26.67	172.99	-13.38	69.52	26.77	-1
66.49	26.23	0	1	+	69.03	26.58	173.22	-13.24	69.8	26.68	-1
66.75	25.95	0	1	+	69.28	26.29	173.6	-13.26	70.05	26.39	-1
242.85	-18.03	0	1	+	245.23	-18.44	357.34	21.19	245.96	-18.55	-1
242.94	-19.35	0	1	+	245.35	-19.75	356.34	20.26	246.08	-19.87	-1
243.04	-18.8	0	1	+	245.43	-19.2	356.85	20.55	246.16	-19.31	-1
243.23	-18.85	0	1	+	245.63	-19.25	356.94	20.38	246.36	-19.36	-1
243.25	-19.52	0	1	+	245.66	-19.91	356.42	19.93	246.39	-20.03	-1
244.05	-19.25	0	1	+	246.46	-19.63	357.16	19.54	247.19	-19.74	-1
244.11	-18.97	0	1	+	246.51	-19.35	357.42	19.68	247.24	-19.46	-1
244.32	-19.05	0	1	+	246.72	-19.43	357.5	19.48	247.46	-19.54	-1
244.38	-19.2	0	1	+	246.79	-19.58	357.42	19.33	247.52	-19.69	-1
244.55	-18.05	0	1	+	246.94	-18.43	358.46	19.96	247.67	-18.53	-1
244.62	-18.93	0	1	+	247.02	-19.31	357.79	19.34	247.75	-19.42	-1
244.67	-19.5	0	1	+	247.08	-19.88	357.36	18.93	247.82	-19.98	-1
244.78	-18.4	0	1	+	247.17	-18.77	358.32	19.57	247.9	-18.88	-1
244.93	-17.93	0	1	+	247.32	-18.31	358.8	19.76	248.04	-18.41	-1
245.04	-19.03	0	1	+	247.44	-19.4	357.98	18.97	248.17	-19.51	-1
245.28	-17.93	0	1	+	247.67	-18.3	359.03	19.5	248.4	-18.4	-1
245.42	-19.08	0	1	+	247.82	-19.45	358.18	18.67	248.56	-19.55	-1
245.46	-18.42	0	1	+	247.86	-18.78	358.75	19.06	248.59	-18.88	-1
246	-18.73	0	1	+	248.4	-19.09	358.84	18.47	249.13	-19.19	-1
246.08	-18.33	0	1	+	248.47	-18.69	359.21	18.67	249.2	-18.79	-1
